ISO-10303-21;
HEADER;
/* Generated by software containing ST-Developer
 * from STEP Tools, Inc. (www.steptools.com) 
 */

FILE_DESCRIPTION(
/* description */ (''),
/* implementation_level */ '2;1');

FILE_NAME(
/* name */ 'b4ad0025-be7d-4cd1-9cfe-8be6b880af0f.stp',
/* time_stamp */ '2026-09-09T15:17:09Z',
/* author */ (''),
/* organization */ (''),
/* preprocessor_version */ 'ST-DEVELOPER v20.2',
/* originating_system */ 'Autodesk Translation Framework v15.15.0.0',
/* authorisation */ '');

FILE_SCHEMA (('AUTOMOTIVE_DESIGN { 1 0 10303 214 3 1 1 }'));
ENDSEC;

DATA;
#10=MECHANICAL_DESIGN_GEOMETRIC_PRESENTATION_REPRESENTATION('',(#37,#38,
#39,#40,#41,#42,#43),#4039);
#11=SHAPE_REPRESENTATION_RELATIONSHIP('SRR','None',#4046,#12);
#12=ADVANCED_BREP_SHAPE_REPRESENTATION('',(#44,#45,#46,#47,#48,#49,#50),
#4038);
#13=TOROIDAL_SURFACE('',#2440,38.2163735324878,3.);
#14=TOROIDAL_SURFACE('',#2450,38.2163735324878,3.);
#15=TOROIDAL_SURFACE('',#2457,16.928901084077,3.);
#16=TOROIDAL_SURFACE('',#2495,7.,3.);
#17=TOROIDAL_SURFACE('',#2502,7.,3.);
#18=TOROIDAL_SURFACE('',#2508,7.,3.);
#19=TOROIDAL_SURFACE('',#2514,7.,3.);
#20=B_SPLINE_SURFACE_WITH_KNOTS('',3,3,((#3650,#3651,#3652,#3653),(#3654,
#3655,#3656,#3657),(#3658,#3659,#3660,#3661),(#3662,#3663,#3664,#3665),
(#3666,#3667,#3668,#3669),(#3670,#3671,#3672,#3673),(#3674,#3675,#3676,
#3677)),.UNSPECIFIED.,.F.,.F.,.F.,(4,1,1,1,4),(4,4),(0.,0.285714285714286,
0.571428571428571,0.857142857142857,1.),(-1.35036093052374E-15,12.),
 .UNSPECIFIED.);
#21=B_SPLINE_CURVE_WITH_KNOTS('',3,(#3423,#3424,#3425,#3426,#3427,#3428,
#3429,#3430,#3431,#3432,#3433,#3434,#3435,#3436,#3437,#3438,#3439,#3440),
 .UNSPECIFIED.,.F.,.F.,(4,2,2,2,2,2,2,2,4),(2.89168272328499,3.25341392956192,
3.61514513583885,3.97050318132789,4.32586122681694,4.67633816405788,5.02681510129882,
5.37677544745591,5.726735793613),.UNSPECIFIED.);
#22=B_SPLINE_CURVE_WITH_KNOTS('',3,(#3442,#3443,#3444,#3445,#3446,#3447,
#3448,#3449,#3450,#3451,#3452,#3453,#3454,#3455,#3456,#3457,#3458,#3459),
 .UNSPECIFIED.,.F.,.F.,(4,2,2,2,2,2,2,2,4),(0.,0.354116639454637,0.708233278909274,
1.06873209402109,1.42923090913291,1.79459007601454,2.15994924289617,2.52581598309058,
2.87761626941425),.UNSPECIFIED.);
#23=B_SPLINE_CURVE_WITH_KNOTS('',3,(#3460,#3461,#3462,#3463),
 .UNSPECIFIED.,.F.,.F.,(4,4),(2.87761626941425,2.89168272328499),
 .UNSPECIFIED.);
#24=B_SPLINE_CURVE_WITH_KNOTS('',3,(#3514,#3515,#3516,#3517),
 .UNSPECIFIED.,.F.,.F.,(4,4),(2.85539184880703,2.85940863764086),
 .UNSPECIFIED.);
#25=B_SPLINE_CURVE_WITH_KNOTS('',3,(#3519,#3520,#3521,#3522,#3523,#3524,
#3525,#3526,#3527,#3528,#3529,#3530,#3531,#3532,#3533,#3534,#3535,#3536),
 .UNSPECIFIED.,.F.,.F.,(4,2,2,2,2,2,2,2,4),(2.85940863764086,3.20450564454681,
3.55361944028659,3.90911138930275,4.26460333831891,4.6278728257619,4.9911423132049,
5.35903523543738,5.72692815766985),.UNSPECIFIED.);
#26=B_SPLINE_CURVE_WITH_KNOTS('',3,(#3537,#3538,#3539,#3540,#3541,#3542,
#3543,#3544,#3545,#3546,#3547,#3548,#3549,#3550,#3551,#3552,#3553,#3554),
 .UNSPECIFIED.,.F.,.F.,(4,2,2,2,2,2,2,2,4),(0.,0.366716148207075,0.73343229641415,
1.09385189448703,1.45427149255991,1.80690410656762,2.15953672057533,2.50746428469118,
2.85539184880703),.UNSPECIFIED.);
#27=B_SPLINE_CURVE_WITH_KNOTS('',3,(#3605,#3606,#3607,#3608,#3609,#3610,
#3611,#3612,#3613,#3614,#3615,#3616,#3617,#3618,#3619,#3620,#3621,#3622),
 .UNSPECIFIED.,.F.,.F.,(4,2,2,2,2,2,2,2,4),(2.87238380473043,3.23155025622513,
3.59071670771984,3.94779715956394,4.30487761140805,4.66035107073711,5.01582453006618,
5.37111287753609,5.726401225006),.UNSPECIFIED.);
#28=B_SPLINE_CURVE_WITH_KNOTS('',3,(#3624,#3625,#3626,#3627,#3628,#3629,
#3630,#3631,#3632,#3633,#3634,#3635,#3636,#3637,#3638,#3639,#3640,#3641),
 .UNSPECIFIED.,.F.,.F.,(4,2,2,2,2,2,2,2,4),(0.,0.356634280065817,0.713268560131635,
1.07198990299208,1.43071124585253,1.79103736123274,2.15136347661294,2.51187364067168,
2.86781429937987),.UNSPECIFIED.);
#29=B_SPLINE_CURVE_WITH_KNOTS('',3,(#3642,#3643,#3644,#3645),
 .UNSPECIFIED.,.F.,.F.,(4,4),(2.86781429937987,2.87238380473043),
 .UNSPECIFIED.);
#30=B_SPLINE_CURVE_WITH_KNOTS('',3,(#3680,#3681,#3682,#3683,#3684,#3685,
#3686,#3687,#3688,#3689,#3690,#3691,#3692),.UNSPECIFIED.,.F.,.F.,(4,3,3,
3,4),(0.,0.177042541728496,0.531127625185489,0.885212708642481,1.23929779209947),
 .UNSPECIFIED.);
#31=B_SPLINE_CURVE_WITH_KNOTS('',3,(#3694,#3695,#3696,#3697),
 .UNSPECIFIED.,.F.,.F.,(4,4),(-12.,1.35036093052374E-15),.UNSPECIFIED.);
#32=B_SPLINE_CURVE_WITH_KNOTS('',3,(#3699,#3700,#3701,#3702,#3703,#3704,
#3705,#3706,#3707,#3708,#3709,#3710,#3711),.UNSPECIFIED.,.F.,.F.,(4,3,3,
3,4),(0.,0.35408508345688,0.708170166913761,1.06225525037064,1.23929779209908),
 .UNSPECIFIED.);
#33=B_SPLINE_CURVE_WITH_KNOTS('',3,(#3712,#3713,#3714,#3715),
 .UNSPECIFIED.,.F.,.F.,(4,4),(-1.35036093052374E-15,12.),.UNSPECIFIED.);
#34=B_SPLINE_CURVE_WITH_KNOTS('',3,(#3753,#3754,#3755,#3756,#3757,#3758,
#3759,#3760,#3761,#3762,#3763,#3764,#3765,#3766,#3767,#3768,#3769,#3770),
 .UNSPECIFIED.,.F.,.F.,(4,2,2,2,2,2,2,2,4),(2.94679390357525,3.31147185280544,
3.67614980203562,4.02485596311737,4.37356212419912,4.71176136534841,5.0499606064977,
5.38932778347655,5.7286949604554),.UNSPECIFIED.);
#35=B_SPLINE_CURVE_WITH_KNOTS('',3,(#3772,#3773,#3774,#3775,#3776,#3777,
#3778,#3779,#3780,#3781,#3782,#3783,#3784,#3785,#3786,#3787,#3788,#3789),
 .UNSPECIFIED.,.F.,.F.,(4,2,2,2,2,2,2,2,4),(0.,0.351498819726639,0.702997639453278,
1.07041796287918,1.43783828630509,1.81563596572476,2.19343364514442,2.57011377435984,
2.90599719143239),.UNSPECIFIED.);
#36=B_SPLINE_CURVE_WITH_KNOTS('',3,(#3790,#3791,#3792,#3793),
 .UNSPECIFIED.,.F.,.F.,(4,4),(2.90599719143239,2.94679390357525),
 .UNSPECIFIED.);
#37=STYLED_ITEM('',(#4055),#44);
#38=STYLED_ITEM('',(#4055),#45);
#39=STYLED_ITEM('',(#4055),#46);
#40=STYLED_ITEM('',(#4055),#47);
#41=STYLED_ITEM('',(#4055),#48);
#42=STYLED_ITEM('',(#4055),#49);
#43=STYLED_ITEM('',(#4055),#50);
#44=MANIFOLD_SOLID_BREP('BOX',#2293);
#45=MANIFOLD_SOLID_BREP('Body3',#2294);
#46=MANIFOLD_SOLID_BREP('Body4',#2295);
#47=MANIFOLD_SOLID_BREP('Body5',#2296);
#48=MANIFOLD_SOLID_BREP('Body6',#2297);
#49=MANIFOLD_SOLID_BREP('Body1',#2298);
#50=MANIFOLD_SOLID_BREP('Body1 (1)',#2299);
#51=CONICAL_SURFACE('',#2359,4.7505,1.02974425867665);
#52=CONICAL_SURFACE('',#2361,4.7505,1.02974425867665);
#53=CONICAL_SURFACE('',#2363,4.7505,1.02974425867665);
#54=CONICAL_SURFACE('',#2365,4.7505,1.02974425867665);
#55=CONICAL_SURFACE('',#2375,5.75555305284372,1.02974425867665);
#56=CONICAL_SURFACE('',#2385,4.75055305284372,1.02974425867665);
#57=CONICAL_SURFACE('',#2392,5.75555305284372,1.02974425867665);
#58=CONICAL_SURFACE('',#2401,4.75055305284372,1.02974425867665);
#59=CONICAL_SURFACE('',#2409,5.75555305284372,1.02974425867665);
#60=CONICAL_SURFACE('',#2416,4.75055305284372,1.02974425867665);
#61=CONICAL_SURFACE('',#2423,5.75555305284372,1.02974425867665);
#62=CONICAL_SURFACE('',#2432,4.75055305284372,1.02974425867665);
#63=CONICAL_SURFACE('',#2454,29.6081867662439,0.884943362176186);
#64=CONICAL_SURFACE('',#2471,12.631,0.785398163397448);
#65=CONICAL_SURFACE('',#2476,12.631,0.785398163397448);
#66=CONICAL_SURFACE('',#2481,12.631,0.785398163397448);
#67=CONICAL_SURFACE('',#2486,12.08675,0.785398163397448);
#68=FACE_BOUND('',#313,.T.);
#69=FACE_BOUND('',#314,.T.);
#70=FACE_BOUND('',#315,.T.);
#71=FACE_BOUND('',#316,.T.);
#72=FACE_BOUND('',#317,.T.);
#73=FACE_BOUND('',#321,.T.);
#74=FACE_BOUND('',#353,.T.);
#75=FACE_BOUND('',#354,.T.);
#76=FACE_BOUND('',#356,.T.);
#77=FACE_BOUND('',#359,.T.);
#78=FACE_BOUND('',#360,.T.);
#79=FACE_BOUND('',#361,.T.);
#80=FACE_BOUND('',#363,.T.);
#81=FACE_BOUND('',#364,.T.);
#82=FACE_BOUND('',#365,.T.);
#83=FACE_BOUND('',#366,.T.);
#84=FACE_BOUND('',#368,.T.);
#85=FACE_BOUND('',#369,.T.);
#86=FACE_BOUND('',#372,.T.);
#87=FACE_BOUND('',#377,.T.);
#88=FACE_BOUND('',#385,.T.);
#89=FACE_BOUND('',#390,.T.);
#90=FACE_BOUND('',#398,.T.);
#91=FACE_BOUND('',#403,.T.);
#92=FACE_BOUND('',#411,.T.);
#93=FACE_BOUND('',#416,.T.);
#94=FACE_BOUND('',#424,.T.);
#95=FACE_BOUND('',#428,.T.);
#96=FACE_BOUND('',#433,.T.);
#97=FACE_BOUND('',#437,.T.);
#98=FACE_BOUND('',#440,.T.);
#99=FACE_BOUND('',#466,.T.);
#100=FACE_BOUND('',#467,.T.);
#101=FACE_BOUND('',#468,.T.);
#102=FACE_BOUND('',#469,.T.);
#103=FACE_BOUND('',#470,.T.);
#104=FACE_BOUND('',#472,.T.);
#105=FACE_BOUND('',#473,.T.);
#106=FACE_BOUND('',#474,.T.);
#107=FACE_BOUND('',#475,.T.);
#108=FACE_BOUND('',#476,.T.);
#109=PLANE('',#2316);
#110=PLANE('',#2320);
#111=PLANE('',#2325);
#112=PLANE('',#2337);
#113=PLANE('',#2338);
#114=PLANE('',#2339);
#115=PLANE('',#2340);
#116=PLANE('',#2341);
#117=PLANE('',#2342);
#118=PLANE('',#2343);
#119=PLANE('',#2344);
#120=PLANE('',#2345);
#121=PLANE('',#2346);
#122=PLANE('',#2347);
#123=PLANE('',#2348);
#124=PLANE('',#2349);
#125=PLANE('',#2350);
#126=PLANE('',#2351);
#127=PLANE('',#2352);
#128=PLANE('',#2353);
#129=PLANE('',#2354);
#130=PLANE('',#2355);
#131=PLANE('',#2356);
#132=PLANE('',#2357);
#133=PLANE('',#2358);
#134=PLANE('',#2367);
#135=PLANE('',#2368);
#136=PLANE('',#2369);
#137=PLANE('',#2370);
#138=PLANE('',#2371);
#139=PLANE('',#2372);
#140=PLANE('',#2373);
#141=PLANE('',#2374);
#142=PLANE('',#2382);
#143=PLANE('',#2384);
#144=PLANE('',#2388);
#145=PLANE('',#2389);
#146=PLANE('',#2390);
#147=PLANE('',#2391);
#148=PLANE('',#2399);
#149=PLANE('',#2400);
#150=PLANE('',#2405);
#151=PLANE('',#2406);
#152=PLANE('',#2407);
#153=PLANE('',#2408);
#154=PLANE('',#2413);
#155=PLANE('',#2415);
#156=PLANE('',#2419);
#157=PLANE('',#2420);
#158=PLANE('',#2421);
#159=PLANE('',#2422);
#160=PLANE('',#2430);
#161=PLANE('',#2431);
#162=PLANE('',#2436);
#163=PLANE('',#2437);
#164=PLANE('',#2438);
#165=PLANE('',#2439);
#166=PLANE('',#2448);
#167=PLANE('',#2460);
#168=PLANE('',#2466);
#169=PLANE('',#2470);
#170=PLANE('',#2491);
#171=PLANE('',#2492);
#172=PLANE('',#2493);
#173=PLANE('',#2494);
#174=PLANE('',#2519);
#175=PLANE('',#2522);
#176=PLANE('',#2525);
#177=PLANE('',#2526);
#178=PLANE('',#2530);
#179=PLANE('',#2532);
#180=FACE_OUTER_BOUND('',#310,.T.);
#181=FACE_OUTER_BOUND('',#311,.T.);
#182=FACE_OUTER_BOUND('',#312,.T.);
#183=FACE_OUTER_BOUND('',#318,.T.);
#184=FACE_OUTER_BOUND('',#319,.T.);
#185=FACE_OUTER_BOUND('',#320,.T.);
#186=FACE_OUTER_BOUND('',#322,.T.);
#187=FACE_OUTER_BOUND('',#323,.T.);
#188=FACE_OUTER_BOUND('',#324,.T.);
#189=FACE_OUTER_BOUND('',#325,.T.);
#190=FACE_OUTER_BOUND('',#326,.T.);
#191=FACE_OUTER_BOUND('',#327,.T.);
#192=FACE_OUTER_BOUND('',#328,.T.);
#193=FACE_OUTER_BOUND('',#329,.T.);
#194=FACE_OUTER_BOUND('',#330,.T.);
#195=FACE_OUTER_BOUND('',#331,.T.);
#196=FACE_OUTER_BOUND('',#332,.T.);
#197=FACE_OUTER_BOUND('',#333,.T.);
#198=FACE_OUTER_BOUND('',#334,.T.);
#199=FACE_OUTER_BOUND('',#335,.T.);
#200=FACE_OUTER_BOUND('',#336,.T.);
#201=FACE_OUTER_BOUND('',#337,.T.);
#202=FACE_OUTER_BOUND('',#338,.T.);
#203=FACE_OUTER_BOUND('',#339,.T.);
#204=FACE_OUTER_BOUND('',#340,.T.);
#205=FACE_OUTER_BOUND('',#341,.T.);
#206=FACE_OUTER_BOUND('',#342,.T.);
#207=FACE_OUTER_BOUND('',#343,.T.);
#208=FACE_OUTER_BOUND('',#344,.T.);
#209=FACE_OUTER_BOUND('',#345,.T.);
#210=FACE_OUTER_BOUND('',#346,.T.);
#211=FACE_OUTER_BOUND('',#347,.T.);
#212=FACE_OUTER_BOUND('',#348,.T.);
#213=FACE_OUTER_BOUND('',#349,.T.);
#214=FACE_OUTER_BOUND('',#350,.T.);
#215=FACE_OUTER_BOUND('',#351,.T.);
#216=FACE_OUTER_BOUND('',#352,.T.);
#217=FACE_OUTER_BOUND('',#355,.T.);
#218=FACE_OUTER_BOUND('',#357,.T.);
#219=FACE_OUTER_BOUND('',#358,.T.);
#220=FACE_OUTER_BOUND('',#362,.T.);
#221=FACE_OUTER_BOUND('',#367,.T.);
#222=FACE_OUTER_BOUND('',#370,.T.);
#223=FACE_OUTER_BOUND('',#371,.T.);
#224=FACE_OUTER_BOUND('',#373,.T.);
#225=FACE_OUTER_BOUND('',#374,.T.);
#226=FACE_OUTER_BOUND('',#375,.T.);
#227=FACE_OUTER_BOUND('',#376,.T.);
#228=FACE_OUTER_BOUND('',#378,.T.);
#229=FACE_OUTER_BOUND('',#379,.T.);
#230=FACE_OUTER_BOUND('',#380,.T.);
#231=FACE_OUTER_BOUND('',#381,.T.);
#232=FACE_OUTER_BOUND('',#382,.T.);
#233=FACE_OUTER_BOUND('',#383,.T.);
#234=FACE_OUTER_BOUND('',#384,.T.);
#235=FACE_OUTER_BOUND('',#386,.T.);
#236=FACE_OUTER_BOUND('',#387,.T.);
#237=FACE_OUTER_BOUND('',#388,.T.);
#238=FACE_OUTER_BOUND('',#389,.T.);
#239=FACE_OUTER_BOUND('',#391,.T.);
#240=FACE_OUTER_BOUND('',#392,.T.);
#241=FACE_OUTER_BOUND('',#393,.T.);
#242=FACE_OUTER_BOUND('',#394,.T.);
#243=FACE_OUTER_BOUND('',#395,.T.);
#244=FACE_OUTER_BOUND('',#396,.T.);
#245=FACE_OUTER_BOUND('',#397,.T.);
#246=FACE_OUTER_BOUND('',#399,.T.);
#247=FACE_OUTER_BOUND('',#400,.T.);
#248=FACE_OUTER_BOUND('',#401,.T.);
#249=FACE_OUTER_BOUND('',#402,.T.);
#250=FACE_OUTER_BOUND('',#404,.T.);
#251=FACE_OUTER_BOUND('',#405,.T.);
#252=FACE_OUTER_BOUND('',#406,.T.);
#253=FACE_OUTER_BOUND('',#407,.T.);
#254=FACE_OUTER_BOUND('',#408,.T.);
#255=FACE_OUTER_BOUND('',#409,.T.);
#256=FACE_OUTER_BOUND('',#410,.T.);
#257=FACE_OUTER_BOUND('',#412,.T.);
#258=FACE_OUTER_BOUND('',#413,.T.);
#259=FACE_OUTER_BOUND('',#414,.T.);
#260=FACE_OUTER_BOUND('',#415,.T.);
#261=FACE_OUTER_BOUND('',#417,.T.);
#262=FACE_OUTER_BOUND('',#418,.T.);
#263=FACE_OUTER_BOUND('',#419,.T.);
#264=FACE_OUTER_BOUND('',#420,.T.);
#265=FACE_OUTER_BOUND('',#421,.T.);
#266=FACE_OUTER_BOUND('',#422,.T.);
#267=FACE_OUTER_BOUND('',#423,.T.);
#268=FACE_OUTER_BOUND('',#425,.T.);
#269=FACE_OUTER_BOUND('',#426,.T.);
#270=FACE_OUTER_BOUND('',#427,.T.);
#271=FACE_OUTER_BOUND('',#429,.T.);
#272=FACE_OUTER_BOUND('',#430,.T.);
#273=FACE_OUTER_BOUND('',#431,.T.);
#274=FACE_OUTER_BOUND('',#432,.T.);
#275=FACE_OUTER_BOUND('',#434,.T.);
#276=FACE_OUTER_BOUND('',#435,.T.);
#277=FACE_OUTER_BOUND('',#436,.T.);
#278=FACE_OUTER_BOUND('',#438,.T.);
#279=FACE_OUTER_BOUND('',#439,.T.);
#280=FACE_OUTER_BOUND('',#441,.T.);
#281=FACE_OUTER_BOUND('',#442,.T.);
#282=FACE_OUTER_BOUND('',#443,.T.);
#283=FACE_OUTER_BOUND('',#444,.T.);
#284=FACE_OUTER_BOUND('',#445,.T.);
#285=FACE_OUTER_BOUND('',#446,.T.);
#286=FACE_OUTER_BOUND('',#447,.T.);
#287=FACE_OUTER_BOUND('',#448,.T.);
#288=FACE_OUTER_BOUND('',#449,.T.);
#289=FACE_OUTER_BOUND('',#450,.T.);
#290=FACE_OUTER_BOUND('',#451,.T.);
#291=FACE_OUTER_BOUND('',#452,.T.);
#292=FACE_OUTER_BOUND('',#453,.T.);
#293=FACE_OUTER_BOUND('',#454,.T.);
#294=FACE_OUTER_BOUND('',#455,.T.);
#295=FACE_OUTER_BOUND('',#456,.T.);
#296=FACE_OUTER_BOUND('',#457,.T.);
#297=FACE_OUTER_BOUND('',#458,.T.);
#298=FACE_OUTER_BOUND('',#459,.T.);
#299=FACE_OUTER_BOUND('',#460,.T.);
#300=FACE_OUTER_BOUND('',#461,.T.);
#301=FACE_OUTER_BOUND('',#462,.T.);
#302=FACE_OUTER_BOUND('',#463,.T.);
#303=FACE_OUTER_BOUND('',#464,.T.);
#304=FACE_OUTER_BOUND('',#465,.T.);
#305=FACE_OUTER_BOUND('',#471,.T.);
#306=FACE_OUTER_BOUND('',#477,.T.);
#307=FACE_OUTER_BOUND('',#478,.T.);
#308=FACE_OUTER_BOUND('',#479,.T.);
#309=FACE_OUTER_BOUND('',#480,.T.);
#310=EDGE_LOOP('',(#1503,#1504,#1505,#1506));
#311=EDGE_LOOP('',(#1507,#1508,#1509,#1510,#1511,#1512,#1513,#1514));
#312=EDGE_LOOP('',(#1515,#1516,#1517,#1518));
#313=EDGE_LOOP('',(#1519,#1520,#1521,#1522));
#314=EDGE_LOOP('',(#1523,#1524,#1525,#1526));
#315=EDGE_LOOP('',(#1527,#1528,#1529,#1530));
#316=EDGE_LOOP('',(#1531,#1532,#1533,#1534));
#317=EDGE_LOOP('',(#1535,#1536,#1537,#1538));
#318=EDGE_LOOP('',(#1539,#1540,#1541,#1542));
#319=EDGE_LOOP('',(#1543,#1544,#1545,#1546));
#320=EDGE_LOOP('',(#1547,#1548,#1549,#1550));
#321=EDGE_LOOP('',(#1551));
#322=EDGE_LOOP('',(#1552,#1553,#1554,#1555));
#323=EDGE_LOOP('',(#1556,#1557,#1558,#1559));
#324=EDGE_LOOP('',(#1560,#1561,#1562,#1563));
#325=EDGE_LOOP('',(#1564,#1565,#1566,#1567));
#326=EDGE_LOOP('',(#1568,#1569,#1570,#1571));
#327=EDGE_LOOP('',(#1572,#1573,#1574,#1575));
#328=EDGE_LOOP('',(#1576,#1577,#1578,#1579));
#329=EDGE_LOOP('',(#1580,#1581,#1582,#1583));
#330=EDGE_LOOP('',(#1584,#1585,#1586,#1587));
#331=EDGE_LOOP('',(#1588,#1589,#1590,#1591));
#332=EDGE_LOOP('',(#1592,#1593,#1594,#1595));
#333=EDGE_LOOP('',(#1596,#1597,#1598,#1599));
#334=EDGE_LOOP('',(#1600,#1601,#1602,#1603));
#335=EDGE_LOOP('',(#1604,#1605,#1606,#1607));
#336=EDGE_LOOP('',(#1608,#1609,#1610,#1611));
#337=EDGE_LOOP('',(#1612,#1613,#1614,#1615));
#338=EDGE_LOOP('',(#1616,#1617,#1618,#1619));
#339=EDGE_LOOP('',(#1620,#1621,#1622,#1623));
#340=EDGE_LOOP('',(#1624,#1625,#1626,#1627));
#341=EDGE_LOOP('',(#1628,#1629,#1630,#1631));
#342=EDGE_LOOP('',(#1632,#1633,#1634,#1635));
#343=EDGE_LOOP('',(#1636,#1637,#1638,#1639));
#344=EDGE_LOOP('',(#1640,#1641,#1642,#1643));
#345=EDGE_LOOP('',(#1644,#1645,#1646,#1647));
#346=EDGE_LOOP('',(#1648,#1649,#1650,#1651));
#347=EDGE_LOOP('',(#1652,#1653,#1654,#1655));
#348=EDGE_LOOP('',(#1656,#1657,#1658));
#349=EDGE_LOOP('',(#1659,#1660,#1661));
#350=EDGE_LOOP('',(#1662,#1663,#1664));
#351=EDGE_LOOP('',(#1665,#1666,#1667));
#352=EDGE_LOOP('',(#1668,#1669,#1670,#1671));
#353=EDGE_LOOP('',(#1672));
#354=EDGE_LOOP('',(#1673));
#355=EDGE_LOOP('',(#1674,#1675,#1676,#1677));
#356=EDGE_LOOP('',(#1678));
#357=EDGE_LOOP('',(#1679,#1680,#1681,#1682));
#358=EDGE_LOOP('',(#1683,#1684,#1685,#1686));
#359=EDGE_LOOP('',(#1687,#1688,#1689,#1690));
#360=EDGE_LOOP('',(#1691,#1692,#1693,#1694));
#361=EDGE_LOOP('',(#1695,#1696,#1697,#1698));
#362=EDGE_LOOP('',(#1699,#1700,#1701,#1702));
#363=EDGE_LOOP('',(#1703));
#364=EDGE_LOOP('',(#1704));
#365=EDGE_LOOP('',(#1705));
#366=EDGE_LOOP('',(#1706));
#367=EDGE_LOOP('',(#1707,#1708,#1709,#1710));
#368=EDGE_LOOP('',(#1711));
#369=EDGE_LOOP('',(#1712));
#370=EDGE_LOOP('',(#1713,#1714,#1715,#1716));
#371=EDGE_LOOP('',(#1717,#1718,#1719,#1720,#1721,#1722,#1723,#1724));
#372=EDGE_LOOP('',(#1725,#1726,#1727,#1728));
#373=EDGE_LOOP('',(#1729,#1730,#1731,#1732,#1733,#1734));
#374=EDGE_LOOP('',(#1735,#1736,#1737,#1738));
#375=EDGE_LOOP('',(#1739,#1740,#1741,#1742));
#376=EDGE_LOOP('',(#1743,#1744,#1745,#1746,#1747));
#377=EDGE_LOOP('',(#1748));
#378=EDGE_LOOP('',(#1749,#1750,#1751,#1752));
#379=EDGE_LOOP('',(#1753,#1754,#1755,#1756));
#380=EDGE_LOOP('',(#1757,#1758,#1759,#1760,#1761,#1762));
#381=EDGE_LOOP('',(#1763,#1764,#1765,#1766));
#382=EDGE_LOOP('',(#1767,#1768,#1769,#1770));
#383=EDGE_LOOP('',(#1771,#1772,#1773,#1774));
#384=EDGE_LOOP('',(#1775,#1776,#1777,#1778,#1779));
#385=EDGE_LOOP('',(#1780));
#386=EDGE_LOOP('',(#1781,#1782,#1783,#1784,#1785,#1786));
#387=EDGE_LOOP('',(#1787,#1788,#1789,#1790));
#388=EDGE_LOOP('',(#1791,#1792,#1793,#1794));
#389=EDGE_LOOP('',(#1795,#1796,#1797,#1798,#1799));
#390=EDGE_LOOP('',(#1800));
#391=EDGE_LOOP('',(#1801,#1802,#1803,#1804));
#392=EDGE_LOOP('',(#1805,#1806,#1807,#1808));
#393=EDGE_LOOP('',(#1809,#1810,#1811,#1812,#1813,#1814));
#394=EDGE_LOOP('',(#1815,#1816,#1817,#1818));
#395=EDGE_LOOP('',(#1819,#1820,#1821,#1822));
#396=EDGE_LOOP('',(#1823,#1824,#1825,#1826));
#397=EDGE_LOOP('',(#1827,#1828,#1829,#1830,#1831));
#398=EDGE_LOOP('',(#1832));
#399=EDGE_LOOP('',(#1833,#1834,#1835,#1836,#1837,#1838));
#400=EDGE_LOOP('',(#1839,#1840,#1841,#1842));
#401=EDGE_LOOP('',(#1843,#1844,#1845,#1846));
#402=EDGE_LOOP('',(#1847,#1848,#1849,#1850,#1851));
#403=EDGE_LOOP('',(#1852));
#404=EDGE_LOOP('',(#1853,#1854,#1855,#1856));
#405=EDGE_LOOP('',(#1857,#1858,#1859,#1860));
#406=EDGE_LOOP('',(#1861,#1862,#1863,#1864,#1865,#1866));
#407=EDGE_LOOP('',(#1867,#1868,#1869,#1870));
#408=EDGE_LOOP('',(#1871,#1872,#1873,#1874));
#409=EDGE_LOOP('',(#1875,#1876,#1877,#1878));
#410=EDGE_LOOP('',(#1879,#1880,#1881,#1882,#1883));
#411=EDGE_LOOP('',(#1884));
#412=EDGE_LOOP('',(#1885,#1886,#1887,#1888,#1889,#1890));
#413=EDGE_LOOP('',(#1891,#1892,#1893,#1894));
#414=EDGE_LOOP('',(#1895,#1896,#1897,#1898));
#415=EDGE_LOOP('',(#1899,#1900,#1901,#1902,#1903));
#416=EDGE_LOOP('',(#1904));
#417=EDGE_LOOP('',(#1905,#1906,#1907,#1908));
#418=EDGE_LOOP('',(#1909,#1910,#1911,#1912));
#419=EDGE_LOOP('',(#1913,#1914,#1915,#1916,#1917,#1918));
#420=EDGE_LOOP('',(#1919,#1920,#1921,#1922));
#421=EDGE_LOOP('',(#1923,#1924,#1925,#1926));
#422=EDGE_LOOP('',(#1927,#1928,#1929,#1930));
#423=EDGE_LOOP('',(#1931,#1932,#1933,#1934,#1935));
#424=EDGE_LOOP('',(#1936));
#425=EDGE_LOOP('',(#1937,#1938,#1939,#1940,#1941));
#426=EDGE_LOOP('',(#1942,#1943,#1944,#1945,#1946,#1947));
#427=EDGE_LOOP('',(#1948));
#428=EDGE_LOOP('',(#1949));
#429=EDGE_LOOP('',(#1950,#1951,#1952,#1953,#1954,#1955));
#430=EDGE_LOOP('',(#1956,#1957,#1958,#1959,#1960,#1961));
#431=EDGE_LOOP('',(#1962,#1963,#1964,#1965,#1966));
#432=EDGE_LOOP('',(#1967));
#433=EDGE_LOOP('',(#1968));
#434=EDGE_LOOP('',(#1969,#1970,#1971,#1972));
#435=EDGE_LOOP('',(#1973,#1974,#1975,#1976));
#436=EDGE_LOOP('',(#1977));
#437=EDGE_LOOP('',(#1978));
#438=EDGE_LOOP('',(#1979,#1980,#1981,#1982));
#439=EDGE_LOOP('',(#1983));
#440=EDGE_LOOP('',(#1984));
#441=EDGE_LOOP('',(#1985,#1986,#1987,#1988));
#442=EDGE_LOOP('',(#1989,#1990,#1991,#1992));
#443=EDGE_LOOP('',(#1993,#1994,#1995,#1996));
#444=EDGE_LOOP('',(#1997,#1998,#1999,#2000));
#445=EDGE_LOOP('',(#2001,#2002,#2003,#2004));
#446=EDGE_LOOP('',(#2005,#2006,#2007,#2008));
#447=EDGE_LOOP('',(#2009,#2010,#2011,#2012));
#448=EDGE_LOOP('',(#2013,#2014,#2015,#2016));
#449=EDGE_LOOP('',(#2017,#2018,#2019,#2020));
#450=EDGE_LOOP('',(#2021,#2022,#2023,#2024));
#451=EDGE_LOOP('',(#2025,#2026,#2027,#2028));
#452=EDGE_LOOP('',(#2029,#2030,#2031,#2032));
#453=EDGE_LOOP('',(#2033,#2034,#2035,#2036));
#454=EDGE_LOOP('',(#2037,#2038,#2039,#2040));
#455=EDGE_LOOP('',(#2041,#2042,#2043,#2044));
#456=EDGE_LOOP('',(#2045,#2046,#2047,#2048));
#457=EDGE_LOOP('',(#2049,#2050,#2051,#2052));
#458=EDGE_LOOP('',(#2053,#2054,#2055,#2056));
#459=EDGE_LOOP('',(#2057,#2058,#2059,#2060));
#460=EDGE_LOOP('',(#2061,#2062,#2063,#2064));
#461=EDGE_LOOP('',(#2065,#2066,#2067,#2068));
#462=EDGE_LOOP('',(#2069,#2070,#2071,#2072));
#463=EDGE_LOOP('',(#2073,#2074,#2075,#2076));
#464=EDGE_LOOP('',(#2077,#2078,#2079,#2080));
#465=EDGE_LOOP('',(#2081,#2082,#2083,#2084,#2085,#2086,#2087,#2088));
#466=EDGE_LOOP('',(#2089));
#467=EDGE_LOOP('',(#2090));
#468=EDGE_LOOP('',(#2091));
#469=EDGE_LOOP('',(#2092));
#470=EDGE_LOOP('',(#2093,#2094,#2095,#2096));
#471=EDGE_LOOP('',(#2097,#2098,#2099,#2100,#2101,#2102,#2103,#2104));
#472=EDGE_LOOP('',(#2105));
#473=EDGE_LOOP('',(#2106));
#474=EDGE_LOOP('',(#2107));
#475=EDGE_LOOP('',(#2108));
#476=EDGE_LOOP('',(#2109,#2110,#2111,#2112));
#477=EDGE_LOOP('',(#2113,#2114,#2115,#2116));
#478=EDGE_LOOP('',(#2117,#2118,#2119,#2120));
#479=EDGE_LOOP('',(#2121,#2122,#2123,#2124));
#480=EDGE_LOOP('',(#2125,#2126,#2127,#2128));
#481=LINE('',#3187,#687);
#482=LINE('',#3190,#688);
#483=LINE('',#3193,#689);
#484=LINE('',#3197,#690);
#485=LINE('',#3201,#691);
#486=LINE('',#3204,#692);
#487=LINE('',#3207,#693);
#488=LINE('',#3208,#694);
#489=LINE('',#3211,#695);
#490=LINE('',#3213,#696);
#491=LINE('',#3215,#697);
#492=LINE('',#3216,#698);
#493=LINE('',#3219,#699);
#494=LINE('',#3221,#700);
#495=LINE('',#3223,#701);
#496=LINE('',#3224,#702);
#497=LINE('',#3227,#703);
#498=LINE('',#3229,#704);
#499=LINE('',#3231,#705);
#500=LINE('',#3232,#706);
#501=LINE('',#3235,#707);
#502=LINE('',#3237,#708);
#503=LINE('',#3239,#709);
#504=LINE('',#3240,#710);
#505=LINE('',#3243,#711);
#506=LINE('',#3245,#712);
#507=LINE('',#3247,#713);
#508=LINE('',#3248,#714);
#509=LINE('',#3252,#715);
#510=LINE('',#3257,#716);
#511=LINE('',#3258,#717);
#512=LINE('',#3261,#718);
#513=LINE('',#3262,#719);
#514=LINE('',#3268,#720);
#515=LINE('',#3271,#721);
#516=LINE('',#3277,#722);
#517=LINE('',#3283,#723);
#518=LINE('',#3287,#724);
#519=LINE('',#3289,#725);
#520=LINE('',#3290,#726);
#521=LINE('',#3293,#727);
#522=LINE('',#3294,#728);
#523=LINE('',#3297,#729);
#524=LINE('',#3298,#730);
#525=LINE('',#3300,#731);
#526=LINE('',#3304,#732);
#527=LINE('',#3306,#733);
#528=LINE('',#3307,#734);
#529=LINE('',#3310,#735);
#530=LINE('',#3311,#736);
#531=LINE('',#3314,#737);
#532=LINE('',#3315,#738);
#533=LINE('',#3317,#739);
#534=LINE('',#3321,#740);
#535=LINE('',#3323,#741);
#536=LINE('',#3324,#742);
#537=LINE('',#3327,#743);
#538=LINE('',#3328,#744);
#539=LINE('',#3331,#745);
#540=LINE('',#3332,#746);
#541=LINE('',#3334,#747);
#542=LINE('',#3337,#748);
#543=LINE('',#3339,#749);
#544=LINE('',#3340,#750);
#545=LINE('',#3343,#751);
#546=LINE('',#3344,#752);
#547=LINE('',#3347,#753);
#548=LINE('',#3348,#754);
#549=LINE('',#3350,#755);
#550=LINE('',#3353,#756);
#551=LINE('',#3355,#757);
#552=LINE('',#3356,#758);
#553=LINE('',#3359,#759);
#554=LINE('',#3360,#760);
#555=LINE('',#3363,#761);
#556=LINE('',#3364,#762);
#557=LINE('',#3366,#763);
#558=LINE('',#3371,#764);
#559=LINE('',#3376,#765);
#560=LINE('',#3381,#766);
#561=LINE('',#3386,#767);
#562=LINE('',#3390,#768);
#563=LINE('',#3392,#769);
#564=LINE('',#3394,#770);
#565=LINE('',#3395,#771);
#566=LINE('',#3398,#772);
#567=LINE('',#3400,#773);
#568=LINE('',#3401,#774);
#569=LINE('',#3404,#775);
#570=LINE('',#3406,#776);
#571=LINE('',#3407,#777);
#572=LINE('',#3409,#778);
#573=LINE('',#3410,#779);
#574=LINE('',#3413,#780);
#575=LINE('',#3415,#781);
#576=LINE('',#3421,#782);
#577=LINE('',#3467,#783);
#578=LINE('',#3473,#784);
#579=LINE('',#3476,#785);
#580=LINE('',#3479,#786);
#581=LINE('',#3481,#787);
#582=LINE('',#3483,#788);
#583=LINE('',#3484,#789);
#584=LINE('',#3489,#790);
#585=LINE('',#3490,#791);
#586=LINE('',#3494,#792);
#587=LINE('',#3496,#793);
#588=LINE('',#3499,#794);
#589=LINE('',#3500,#795);
#590=LINE('',#3503,#796);
#591=LINE('',#3504,#797);
#592=LINE('',#3506,#798);
#593=LINE('',#3512,#799);
#594=LINE('',#3558,#800);
#595=LINE('',#3564,#801);
#596=LINE('',#3567,#802);
#597=LINE('',#3570,#803);
#598=LINE('',#3572,#804);
#599=LINE('',#3574,#805);
#600=LINE('',#3575,#806);
#601=LINE('',#3578,#807);
#602=LINE('',#3579,#808);
#603=LINE('',#3584,#809);
#604=LINE('',#3587,#810);
#605=LINE('',#3590,#811);
#606=LINE('',#3592,#812);
#607=LINE('',#3593,#813);
#608=LINE('',#3595,#814);
#609=LINE('',#3597,#815);
#610=LINE('',#3603,#816);
#611=LINE('',#3649,#817);
#612=LINE('',#3718,#818);
#613=LINE('',#3720,#819);
#614=LINE('',#3722,#820);
#615=LINE('',#3723,#821);
#616=LINE('',#3728,#822);
#617=LINE('',#3729,#823);
#618=LINE('',#3733,#824);
#619=LINE('',#3735,#825);
#620=LINE('',#3738,#826);
#621=LINE('',#3739,#827);
#622=LINE('',#3742,#828);
#623=LINE('',#3743,#829);
#624=LINE('',#3745,#830);
#625=LINE('',#3751,#831);
#626=LINE('',#3797,#832);
#627=LINE('',#3803,#833);
#628=LINE('',#3806,#834);
#629=LINE('',#3809,#835);
#630=LINE('',#3811,#836);
#631=LINE('',#3813,#837);
#632=LINE('',#3814,#838);
#633=LINE('',#3817,#839);
#634=LINE('',#3818,#840);
#635=LINE('',#3823,#841);
#636=LINE('',#3826,#842);
#637=LINE('',#3829,#843);
#638=LINE('',#3831,#844);
#639=LINE('',#3832,#845);
#640=LINE('',#3834,#846);
#641=LINE('',#3836,#847);
#642=LINE('',#3848,#848);
#643=LINE('',#3863,#849);
#644=LINE('',#3876,#850);
#645=LINE('',#3881,#851);
#646=LINE('',#3888,#852);
#647=LINE('',#3894,#853);
#648=LINE('',#3898,#854);
#649=LINE('',#3904,#855);
#650=LINE('',#3908,#856);
#651=LINE('',#3914,#857);
#652=LINE('',#3918,#858);
#653=LINE('',#3924,#859);
#654=LINE('',#3928,#860);
#655=LINE('',#3933,#861);
#656=LINE('',#3935,#862);
#657=LINE('',#3937,#863);
#658=LINE('',#3938,#864);
#659=LINE('',#3941,#865);
#660=LINE('',#3943,#866);
#661=LINE('',#3944,#867);
#662=LINE('',#3947,#868);
#663=LINE('',#3949,#869);
#664=LINE('',#3950,#870);
#665=LINE('',#3952,#871);
#666=LINE('',#3953,#872);
#667=LINE('',#3967,#873);
#668=LINE('',#3968,#874);
#669=LINE('',#3979,#875);
#670=LINE('',#3980,#876);
#671=LINE('',#3991,#877);
#672=LINE('',#3992,#878);
#673=LINE('',#4000,#879);
#674=LINE('',#4001,#880);
#675=LINE('',#4004,#881);
#676=LINE('',#4006,#882);
#677=LINE('',#4007,#883);
#678=LINE('',#4010,#884);
#679=LINE('',#4014,#885);
#680=LINE('',#4015,#886);
#681=LINE('',#4018,#887);
#682=LINE('',#4023,#888);
#683=LINE('',#4027,#889);
#684=LINE('',#4030,#890);
#685=LINE('',#4032,#891);
#686=LINE('',#4034,#892);
#687=VECTOR('',#2539,10.);
#688=VECTOR('',#2542,10.);
#689=VECTOR('',#2545,10.);
#690=VECTOR('',#2548,10.);
#691=VECTOR('',#2551,10.);
#692=VECTOR('',#2554,10.);
#693=VECTOR('',#2557,10.);
#694=VECTOR('',#2558,10.);
#695=VECTOR('',#2559,10.);
#696=VECTOR('',#2560,10.);
#697=VECTOR('',#2561,10.);
#698=VECTOR('',#2562,10.);
#699=VECTOR('',#2563,10.);
#700=VECTOR('',#2564,10.);
#701=VECTOR('',#2565,10.);
#702=VECTOR('',#2566,10.);
#703=VECTOR('',#2567,10.);
#704=VECTOR('',#2568,10.);
#705=VECTOR('',#2569,10.);
#706=VECTOR('',#2570,10.);
#707=VECTOR('',#2571,10.);
#708=VECTOR('',#2572,10.);
#709=VECTOR('',#2573,10.);
#710=VECTOR('',#2574,10.);
#711=VECTOR('',#2575,10.);
#712=VECTOR('',#2576,10.);
#713=VECTOR('',#2577,10.);
#714=VECTOR('',#2578,10.);
#715=VECTOR('',#2583,10.);
#716=VECTOR('',#2588,10.);
#717=VECTOR('',#2589,10.);
#718=VECTOR('',#2592,10.);
#719=VECTOR('',#2593,10.);
#720=VECTOR('',#2600,10.);
#721=VECTOR('',#2603,12.501);
#722=VECTOR('',#2610,7.5);
#723=VECTOR('',#2617,7.5);
#724=VECTOR('',#2622,10.);
#725=VECTOR('',#2623,10.);
#726=VECTOR('',#2624,10.);
#727=VECTOR('',#2627,10.);
#728=VECTOR('',#2628,10.);
#729=VECTOR('',#2631,10.);
#730=VECTOR('',#2632,10.);
#731=VECTOR('',#2635,10.);
#732=VECTOR('',#2640,10.);
#733=VECTOR('',#2641,10.);
#734=VECTOR('',#2642,10.);
#735=VECTOR('',#2645,10.);
#736=VECTOR('',#2646,10.);
#737=VECTOR('',#2649,10.);
#738=VECTOR('',#2650,10.);
#739=VECTOR('',#2653,10.);
#740=VECTOR('',#2658,10.);
#741=VECTOR('',#2659,10.);
#742=VECTOR('',#2660,10.);
#743=VECTOR('',#2663,10.);
#744=VECTOR('',#2664,10.);
#745=VECTOR('',#2667,10.);
#746=VECTOR('',#2668,10.);
#747=VECTOR('',#2671,10.);
#748=VECTOR('',#2674,10.);
#749=VECTOR('',#2675,10.);
#750=VECTOR('',#2676,10.);
#751=VECTOR('',#2679,10.);
#752=VECTOR('',#2680,10.);
#753=VECTOR('',#2683,10.);
#754=VECTOR('',#2684,10.);
#755=VECTOR('',#2687,10.);
#756=VECTOR('',#2690,10.);
#757=VECTOR('',#2691,10.);
#758=VECTOR('',#2692,10.);
#759=VECTOR('',#2695,10.);
#760=VECTOR('',#2696,10.);
#761=VECTOR('',#2699,10.);
#762=VECTOR('',#2700,10.);
#763=VECTOR('',#2703,10.);
#764=VECTOR('',#2708,4.7505);
#765=VECTOR('',#2713,4.7505);
#766=VECTOR('',#2718,4.7505);
#767=VECTOR('',#2723,4.7505);
#768=VECTOR('',#2726,10.);
#769=VECTOR('',#2727,10.);
#770=VECTOR('',#2728,10.);
#771=VECTOR('',#2729,10.);
#772=VECTOR('',#2732,10.);
#773=VECTOR('',#2733,10.);
#774=VECTOR('',#2734,10.);
#775=VECTOR('',#2737,10.);
#776=VECTOR('',#2738,10.);
#777=VECTOR('',#2739,10.);
#778=VECTOR('',#2742,10.);
#779=VECTOR('',#2743,10.);
#780=VECTOR('',#2748,10.);
#781=VECTOR('',#2751,10.);
#782=VECTOR('',#2758,5.7555);
#783=VECTOR('',#2763,11.511);
#784=VECTOR('',#2768,10.);
#785=VECTOR('',#2771,10.);
#786=VECTOR('',#2774,10.);
#787=VECTOR('',#2775,10.);
#788=VECTOR('',#2776,10.);
#789=VECTOR('',#2777,10.);
#790=VECTOR('',#2782,10.);
#791=VECTOR('',#2783,10.);
#792=VECTOR('',#2788,4.7505);
#793=VECTOR('',#2791,9.501);
#794=VECTOR('',#2794,10.);
#795=VECTOR('',#2795,10.);
#796=VECTOR('',#2798,10.);
#797=VECTOR('',#2799,10.);
#798=VECTOR('',#2802,10.);
#799=VECTOR('',#2809,5.7555);
#800=VECTOR('',#2814,11.511);
#801=VECTOR('',#2819,10.);
#802=VECTOR('',#2822,10.);
#803=VECTOR('',#2825,10.);
#804=VECTOR('',#2826,10.);
#805=VECTOR('',#2827,10.);
#806=VECTOR('',#2828,10.);
#807=VECTOR('',#2831,10.);
#808=VECTOR('',#2832,10.);
#809=VECTOR('',#2837,4.7505);
#810=VECTOR('',#2842,9.501);
#811=VECTOR('',#2845,10.);
#812=VECTOR('',#2846,10.);
#813=VECTOR('',#2847,10.);
#814=VECTOR('',#2850,10.);
#815=VECTOR('',#2853,10.);
#816=VECTOR('',#2860,5.7555);
#817=VECTOR('',#2865,11.511);
#818=VECTOR('',#2868,10.);
#819=VECTOR('',#2869,10.);
#820=VECTOR('',#2870,10.);
#821=VECTOR('',#2871,10.);
#822=VECTOR('',#2876,10.);
#823=VECTOR('',#2877,10.);
#824=VECTOR('',#2882,4.7505);
#825=VECTOR('',#2885,9.501);
#826=VECTOR('',#2888,10.);
#827=VECTOR('',#2889,10.);
#828=VECTOR('',#2892,10.);
#829=VECTOR('',#2893,10.);
#830=VECTOR('',#2896,10.);
#831=VECTOR('',#2903,5.7555);
#832=VECTOR('',#2908,11.511);
#833=VECTOR('',#2913,10.);
#834=VECTOR('',#2916,10.);
#835=VECTOR('',#2919,10.);
#836=VECTOR('',#2920,10.);
#837=VECTOR('',#2921,10.);
#838=VECTOR('',#2922,10.);
#839=VECTOR('',#2925,10.);
#840=VECTOR('',#2926,10.);
#841=VECTOR('',#2931,4.7505);
#842=VECTOR('',#2936,9.501);
#843=VECTOR('',#2939,10.);
#844=VECTOR('',#2940,10.);
#845=VECTOR('',#2941,10.);
#846=VECTOR('',#2944,10.);
#847=VECTOR('',#2947,10.);
#848=VECTOR('',#2962,41.2163735324878);
#849=VECTOR('',#2981,29.6081867662439);
#850=VECTOR('',#2998,12.501);
#851=VECTOR('',#3005,18.2163735324878);
#852=VECTOR('',#3014,25.);
#853=VECTOR('',#3021,12.631);
#854=VECTOR('',#3026,11.511);
#855=VECTOR('',#3033,12.631);
#856=VECTOR('',#3038,11.511);
#857=VECTOR('',#3045,12.631);
#858=VECTOR('',#3050,11.511);
#859=VECTOR('',#3057,12.08675);
#860=VECTOR('',#3062,11.511);
#861=VECTOR('',#3067,10.);
#862=VECTOR('',#3068,10.);
#863=VECTOR('',#3069,10.);
#864=VECTOR('',#3070,10.);
#865=VECTOR('',#3073,10.);
#866=VECTOR('',#3074,10.);
#867=VECTOR('',#3075,10.);
#868=VECTOR('',#3078,10.);
#869=VECTOR('',#3079,10.);
#870=VECTOR('',#3080,10.);
#871=VECTOR('',#3083,10.);
#872=VECTOR('',#3084,10.);
#873=VECTOR('',#3099,10.);
#874=VECTOR('',#3100,10.);
#875=VECTOR('',#3113,10.);
#876=VECTOR('',#3114,10.);
#877=VECTOR('',#3127,10.);
#878=VECTOR('',#3128,10.);
#879=VECTOR('',#3139,10.);
#880=VECTOR('',#3140,10.);
#881=VECTOR('',#3143,10.);
#882=VECTOR('',#3144,10.);
#883=VECTOR('',#3145,10.);
#884=VECTOR('',#3148,10.);
#885=VECTOR('',#3153,10.);
#886=VECTOR('',#3154,10.);
#887=VECTOR('',#3157,10.);
#888=VECTOR('',#3164,10.);
#889=VECTOR('',#3167,10.);
#890=VECTOR('',#3172,10.);
#891=VECTOR('',#3175,10.);
#892=VECTOR('',#3178,10.);
#893=CIRCLE('',#2314,10.);
#894=CIRCLE('',#2315,10.);
#895=CIRCLE('',#2317,10.);
#896=CIRCLE('',#2318,10.);
#897=CIRCLE('',#2319,10.);
#898=CIRCLE('',#2322,10.);
#899=CIRCLE('',#2324,10.);
#900=CIRCLE('',#2326,12.501);
#901=CIRCLE('',#2328,10.);
#902=CIRCLE('',#2330,12.501);
#903=CIRCLE('',#2332,7.5);
#904=CIRCLE('',#2333,7.5);
#905=CIRCLE('',#2335,7.5);
#906=CIRCLE('',#2336,7.5);
#907=CIRCLE('',#2360,6.17244103529898);
#908=CIRCLE('',#2362,6.17244103529898);
#909=CIRCLE('',#2364,6.17244103529898);
#910=CIRCLE('',#2366,6.17244103529898);
#911=CIRCLE('',#2376,11.5112);
#912=CIRCLE('',#2378,11.5112);
#913=CIRCLE('',#2380,12.);
#914=CIRCLE('',#2381,12.);
#915=CIRCLE('',#2383,6.17264103529898);
#916=CIRCLE('',#2386,9.5012);
#917=CIRCLE('',#2393,11.5112);
#918=CIRCLE('',#2395,11.5112);
#919=CIRCLE('',#2397,8.);
#920=CIRCLE('',#2398,8.);
#921=CIRCLE('',#2402,9.5012);
#922=CIRCLE('',#2403,6.17264103529898);
#923=CIRCLE('',#2410,11.5112);
#924=CIRCLE('',#2412,11.5112);
#925=CIRCLE('',#2414,6.17264103529898);
#926=CIRCLE('',#2417,9.5012);
#927=CIRCLE('',#2424,11.5112);
#928=CIRCLE('',#2426,11.5112);
#929=CIRCLE('',#2428,8.);
#930=CIRCLE('',#2429,8.);
#931=CIRCLE('',#2433,9.5012);
#932=CIRCLE('',#2434,6.17264103529898);
#933=CIRCLE('',#2441,38.2163735324878);
#934=CIRCLE('',#2442,3.);
#935=CIRCLE('',#2443,41.2163735324878);
#936=CIRCLE('',#2444,41.2163735324878);
#937=CIRCLE('',#2446,41.2163735324878);
#938=CIRCLE('',#2447,41.2163735324878);
#939=CIRCLE('',#2449,18.2163735324878);
#940=CIRCLE('',#2451,3.);
#941=CIRCLE('',#2452,40.1163735324878);
#942=CIRCLE('',#2453,40.1163735324878);
#943=CIRCLE('',#2455,18.828901084077);
#944=CIRCLE('',#2456,18.828901084077);
#945=CIRCLE('',#2458,3.);
#946=CIRCLE('',#2459,16.928901084077);
#947=CIRCLE('',#2461,12.501);
#948=CIRCLE('',#2463,12.501);
#949=CIRCLE('',#2465,18.2163735324878);
#950=CIRCLE('',#2467,25.);
#951=CIRCLE('',#2469,25.);
#952=CIRCLE('',#2472,13.751);
#953=CIRCLE('',#2473,11.5112);
#954=CIRCLE('',#2475,11.5112);
#955=CIRCLE('',#2477,13.751);
#956=CIRCLE('',#2478,11.5112);
#957=CIRCLE('',#2480,11.5112);
#958=CIRCLE('',#2482,13.751);
#959=CIRCLE('',#2483,11.5112);
#960=CIRCLE('',#2485,11.5112);
#961=CIRCLE('',#2487,12.6625);
#962=CIRCLE('',#2488,11.5112);
#963=CIRCLE('',#2490,11.5112);
#964=CIRCLE('',#2496,3.00000000000001);
#965=CIRCLE('',#2497,7.);
#966=CIRCLE('',#2498,3.);
#967=CIRCLE('',#2499,10.);
#968=CIRCLE('',#2501,3.);
#969=CIRCLE('',#2503,3.);
#970=CIRCLE('',#2504,10.);
#971=CIRCLE('',#2505,7.);
#972=CIRCLE('',#2507,3.);
#973=CIRCLE('',#2509,3.);
#974=CIRCLE('',#2510,10.);
#975=CIRCLE('',#2511,7.);
#976=CIRCLE('',#2513,3.);
#977=CIRCLE('',#2515,3.);
#978=CIRCLE('',#2516,10.);
#979=CIRCLE('',#2517,7.);
#980=CIRCLE('',#2521,10.);
#981=CIRCLE('',#2524,10.);
#982=CIRCLE('',#2527,10.);
#983=CIRCLE('',#2528,10.);
#984=VERTEX_POINT('',#3183);
#985=VERTEX_POINT('',#3184);
#986=VERTEX_POINT('',#3186);
#987=VERTEX_POINT('',#3188);
#988=VERTEX_POINT('',#3192);
#989=VERTEX_POINT('',#3194);
#990=VERTEX_POINT('',#3196);
#991=VERTEX_POINT('',#3198);
#992=VERTEX_POINT('',#3200);
#993=VERTEX_POINT('',#3202);
#994=VERTEX_POINT('',#3206);
#995=VERTEX_POINT('',#3209);
#996=VERTEX_POINT('',#3210);
#997=VERTEX_POINT('',#3212);
#998=VERTEX_POINT('',#3214);
#999=VERTEX_POINT('',#3217);
#1000=VERTEX_POINT('',#3218);
#1001=VERTEX_POINT('',#3220);
#1002=VERTEX_POINT('',#3222);
#1003=VERTEX_POINT('',#3225);
#1004=VERTEX_POINT('',#3226);
#1005=VERTEX_POINT('',#3228);
#1006=VERTEX_POINT('',#3230);
#1007=VERTEX_POINT('',#3233);
#1008=VERTEX_POINT('',#3234);
#1009=VERTEX_POINT('',#3236);
#1010=VERTEX_POINT('',#3238);
#1011=VERTEX_POINT('',#3241);
#1012=VERTEX_POINT('',#3242);
#1013=VERTEX_POINT('',#3244);
#1014=VERTEX_POINT('',#3246);
#1015=VERTEX_POINT('',#3250);
#1016=VERTEX_POINT('',#3254);
#1017=VERTEX_POINT('',#3255);
#1018=VERTEX_POINT('',#3260);
#1019=VERTEX_POINT('',#3263);
#1020=VERTEX_POINT('',#3266);
#1021=VERTEX_POINT('',#3270);
#1022=VERTEX_POINT('',#3274);
#1023=VERTEX_POINT('',#3276);
#1024=VERTEX_POINT('',#3280);
#1025=VERTEX_POINT('',#3282);
#1026=VERTEX_POINT('',#3286);
#1027=VERTEX_POINT('',#3288);
#1028=VERTEX_POINT('',#3292);
#1029=VERTEX_POINT('',#3296);
#1030=VERTEX_POINT('',#3303);
#1031=VERTEX_POINT('',#3305);
#1032=VERTEX_POINT('',#3309);
#1033=VERTEX_POINT('',#3313);
#1034=VERTEX_POINT('',#3320);
#1035=VERTEX_POINT('',#3322);
#1036=VERTEX_POINT('',#3326);
#1037=VERTEX_POINT('',#3330);
#1038=VERTEX_POINT('',#3336);
#1039=VERTEX_POINT('',#3338);
#1040=VERTEX_POINT('',#3342);
#1041=VERTEX_POINT('',#3346);
#1042=VERTEX_POINT('',#3352);
#1043=VERTEX_POINT('',#3354);
#1044=VERTEX_POINT('',#3358);
#1045=VERTEX_POINT('',#3362);
#1046=VERTEX_POINT('',#3368);
#1047=VERTEX_POINT('',#3370);
#1048=VERTEX_POINT('',#3373);
#1049=VERTEX_POINT('',#3375);
#1050=VERTEX_POINT('',#3378);
#1051=VERTEX_POINT('',#3380);
#1052=VERTEX_POINT('',#3383);
#1053=VERTEX_POINT('',#3385);
#1054=VERTEX_POINT('',#3388);
#1055=VERTEX_POINT('',#3389);
#1056=VERTEX_POINT('',#3391);
#1057=VERTEX_POINT('',#3393);
#1058=VERTEX_POINT('',#3397);
#1059=VERTEX_POINT('',#3399);
#1060=VERTEX_POINT('',#3403);
#1061=VERTEX_POINT('',#3405);
#1062=VERTEX_POINT('',#3418);
#1063=VERTEX_POINT('',#3420);
#1064=VERTEX_POINT('',#3422);
#1065=VERTEX_POINT('',#3441);
#1066=VERTEX_POINT('',#3465);
#1067=VERTEX_POINT('',#3469);
#1068=VERTEX_POINT('',#3470);
#1069=VERTEX_POINT('',#3472);
#1070=VERTEX_POINT('',#3474);
#1071=VERTEX_POINT('',#3478);
#1072=VERTEX_POINT('',#3480);
#1073=VERTEX_POINT('',#3482);
#1074=VERTEX_POINT('',#3485);
#1075=VERTEX_POINT('',#3488);
#1076=VERTEX_POINT('',#3492);
#1077=VERTEX_POINT('',#3498);
#1078=VERTEX_POINT('',#3502);
#1079=VERTEX_POINT('',#3509);
#1080=VERTEX_POINT('',#3511);
#1081=VERTEX_POINT('',#3513);
#1082=VERTEX_POINT('',#3518);
#1083=VERTEX_POINT('',#3556);
#1084=VERTEX_POINT('',#3560);
#1085=VERTEX_POINT('',#3561);
#1086=VERTEX_POINT('',#3563);
#1087=VERTEX_POINT('',#3565);
#1088=VERTEX_POINT('',#3569);
#1089=VERTEX_POINT('',#3571);
#1090=VERTEX_POINT('',#3573);
#1091=VERTEX_POINT('',#3577);
#1092=VERTEX_POINT('',#3581);
#1093=VERTEX_POINT('',#3583);
#1094=VERTEX_POINT('',#3589);
#1095=VERTEX_POINT('',#3591);
#1096=VERTEX_POINT('',#3600);
#1097=VERTEX_POINT('',#3602);
#1098=VERTEX_POINT('',#3604);
#1099=VERTEX_POINT('',#3623);
#1100=VERTEX_POINT('',#3647);
#1101=VERTEX_POINT('',#3678);
#1102=VERTEX_POINT('',#3679);
#1103=VERTEX_POINT('',#3693);
#1104=VERTEX_POINT('',#3698);
#1105=VERTEX_POINT('',#3717);
#1106=VERTEX_POINT('',#3719);
#1107=VERTEX_POINT('',#3721);
#1108=VERTEX_POINT('',#3724);
#1109=VERTEX_POINT('',#3727);
#1110=VERTEX_POINT('',#3731);
#1111=VERTEX_POINT('',#3737);
#1112=VERTEX_POINT('',#3741);
#1113=VERTEX_POINT('',#3748);
#1114=VERTEX_POINT('',#3750);
#1115=VERTEX_POINT('',#3752);
#1116=VERTEX_POINT('',#3771);
#1117=VERTEX_POINT('',#3795);
#1118=VERTEX_POINT('',#3799);
#1119=VERTEX_POINT('',#3800);
#1120=VERTEX_POINT('',#3802);
#1121=VERTEX_POINT('',#3804);
#1122=VERTEX_POINT('',#3808);
#1123=VERTEX_POINT('',#3810);
#1124=VERTEX_POINT('',#3812);
#1125=VERTEX_POINT('',#3816);
#1126=VERTEX_POINT('',#3820);
#1127=VERTEX_POINT('',#3822);
#1128=VERTEX_POINT('',#3828);
#1129=VERTEX_POINT('',#3830);
#1130=VERTEX_POINT('',#3839);
#1131=VERTEX_POINT('',#3841);
#1132=VERTEX_POINT('',#3843);
#1133=VERTEX_POINT('',#3847);
#1134=VERTEX_POINT('',#3849);
#1135=VERTEX_POINT('',#3853);
#1136=VERTEX_POINT('',#3856);
#1137=VERTEX_POINT('',#3858);
#1138=VERTEX_POINT('',#3862);
#1139=VERTEX_POINT('',#3864);
#1140=VERTEX_POINT('',#3868);
#1141=VERTEX_POINT('',#3872);
#1142=VERTEX_POINT('',#3875);
#1143=VERTEX_POINT('',#3879);
#1144=VERTEX_POINT('',#3883);
#1145=VERTEX_POINT('',#3886);
#1146=VERTEX_POINT('',#3891);
#1147=VERTEX_POINT('',#3893);
#1148=VERTEX_POINT('',#3897);
#1149=VERTEX_POINT('',#3901);
#1150=VERTEX_POINT('',#3903);
#1151=VERTEX_POINT('',#3907);
#1152=VERTEX_POINT('',#3911);
#1153=VERTEX_POINT('',#3913);
#1154=VERTEX_POINT('',#3917);
#1155=VERTEX_POINT('',#3921);
#1156=VERTEX_POINT('',#3923);
#1157=VERTEX_POINT('',#3927);
#1158=VERTEX_POINT('',#3931);
#1159=VERTEX_POINT('',#3932);
#1160=VERTEX_POINT('',#3934);
#1161=VERTEX_POINT('',#3936);
#1162=VERTEX_POINT('',#3940);
#1163=VERTEX_POINT('',#3942);
#1164=VERTEX_POINT('',#3946);
#1165=VERTEX_POINT('',#3948);
#1166=VERTEX_POINT('',#3955);
#1167=VERTEX_POINT('',#3956);
#1168=VERTEX_POINT('',#3958);
#1169=VERTEX_POINT('',#3960);
#1170=VERTEX_POINT('',#3964);
#1171=VERTEX_POINT('',#3965);
#1172=VERTEX_POINT('',#3970);
#1173=VERTEX_POINT('',#3971);
#1174=VERTEX_POINT('',#3976);
#1175=VERTEX_POINT('',#3977);
#1176=VERTEX_POINT('',#3982);
#1177=VERTEX_POINT('',#3983);
#1178=VERTEX_POINT('',#3988);
#1179=VERTEX_POINT('',#3989);
#1180=VERTEX_POINT('',#3994);
#1181=VERTEX_POINT('',#3995);
#1182=VERTEX_POINT('',#4003);
#1183=VERTEX_POINT('',#4005);
#1184=VERTEX_POINT('',#4009);
#1185=VERTEX_POINT('',#4013);
#1186=VERTEX_POINT('',#4017);
#1187=VERTEX_POINT('',#4022);
#1188=VERTEX_POINT('',#4024);
#1189=VERTEX_POINT('',#4026);
#1190=EDGE_CURVE('',#984,#985,#893,.T.);
#1191=EDGE_CURVE('',#985,#986,#481,.T.);
#1192=EDGE_CURVE('',#986,#987,#894,.T.);
#1193=EDGE_CURVE('',#987,#984,#482,.T.);
#1194=EDGE_CURVE('',#988,#986,#483,.T.);
#1195=EDGE_CURVE('',#989,#988,#895,.T.);
#1196=EDGE_CURVE('',#990,#989,#484,.T.);
#1197=EDGE_CURVE('',#991,#990,#896,.T.);
#1198=EDGE_CURVE('',#992,#991,#485,.T.);
#1199=EDGE_CURVE('',#993,#992,#897,.T.);
#1200=EDGE_CURVE('',#987,#993,#486,.T.);
#1201=EDGE_CURVE('',#994,#985,#487,.T.);
#1202=EDGE_CURVE('',#988,#994,#488,.T.);
#1203=EDGE_CURVE('',#995,#996,#489,.T.);
#1204=EDGE_CURVE('',#996,#997,#490,.T.);
#1205=EDGE_CURVE('',#997,#998,#491,.T.);
#1206=EDGE_CURVE('',#998,#995,#492,.T.);
#1207=EDGE_CURVE('',#999,#1000,#493,.T.);
#1208=EDGE_CURVE('',#1000,#1001,#494,.T.);
#1209=EDGE_CURVE('',#1001,#1002,#495,.T.);
#1210=EDGE_CURVE('',#1002,#999,#496,.T.);
#1211=EDGE_CURVE('',#1003,#1004,#497,.T.);
#1212=EDGE_CURVE('',#1004,#1005,#498,.T.);
#1213=EDGE_CURVE('',#1005,#1006,#499,.T.);
#1214=EDGE_CURVE('',#1006,#1003,#500,.T.);
#1215=EDGE_CURVE('',#1007,#1008,#501,.T.);
#1216=EDGE_CURVE('',#1008,#1009,#502,.T.);
#1217=EDGE_CURVE('',#1009,#1010,#503,.T.);
#1218=EDGE_CURVE('',#1010,#1007,#504,.T.);
#1219=EDGE_CURVE('',#1011,#1012,#505,.T.);
#1220=EDGE_CURVE('',#1012,#1013,#506,.T.);
#1221=EDGE_CURVE('',#1013,#1014,#507,.T.);
#1222=EDGE_CURVE('',#1014,#1011,#508,.T.);
#1223=EDGE_CURVE('',#994,#1015,#898,.T.);
#1224=EDGE_CURVE('',#1015,#989,#509,.T.);
#1225=EDGE_CURVE('',#1016,#1017,#899,.T.);
#1226=EDGE_CURVE('',#1017,#993,#510,.T.);
#1227=EDGE_CURVE('',#992,#1016,#511,.T.);
#1228=EDGE_CURVE('',#1018,#991,#512,.T.);
#1229=EDGE_CURVE('',#1016,#1018,#513,.T.);
#1230=EDGE_CURVE('',#1019,#1019,#900,.T.);
#1231=EDGE_CURVE('',#1020,#1018,#901,.T.);
#1232=EDGE_CURVE('',#990,#1020,#514,.T.);
#1233=EDGE_CURVE('',#1019,#1021,#515,.T.);
#1234=EDGE_CURVE('',#1021,#1021,#902,.T.);
#1235=EDGE_CURVE('',#1022,#1022,#903,.T.);
#1236=EDGE_CURVE('',#1022,#1023,#516,.T.);
#1237=EDGE_CURVE('',#1023,#1023,#904,.T.);
#1238=EDGE_CURVE('',#1024,#1024,#905,.T.);
#1239=EDGE_CURVE('',#1024,#1025,#517,.T.);
#1240=EDGE_CURVE('',#1025,#1025,#906,.T.);
#1241=EDGE_CURVE('',#1026,#997,#518,.T.);
#1242=EDGE_CURVE('',#1026,#1027,#519,.T.);
#1243=EDGE_CURVE('',#1027,#998,#520,.T.);
#1244=EDGE_CURVE('',#1027,#1028,#521,.T.);
#1245=EDGE_CURVE('',#995,#1028,#522,.T.);
#1246=EDGE_CURVE('',#1029,#1026,#523,.T.);
#1247=EDGE_CURVE('',#1028,#1029,#524,.T.);
#1248=EDGE_CURVE('',#1029,#996,#525,.T.);
#1249=EDGE_CURVE('',#1030,#1001,#526,.T.);
#1250=EDGE_CURVE('',#1030,#1031,#527,.T.);
#1251=EDGE_CURVE('',#1031,#1002,#528,.T.);
#1252=EDGE_CURVE('',#1031,#1032,#529,.T.);
#1253=EDGE_CURVE('',#999,#1032,#530,.T.);
#1254=EDGE_CURVE('',#1033,#1030,#531,.T.);
#1255=EDGE_CURVE('',#1032,#1033,#532,.T.);
#1256=EDGE_CURVE('',#1033,#1000,#533,.T.);
#1257=EDGE_CURVE('',#1034,#1005,#534,.T.);
#1258=EDGE_CURVE('',#1035,#1034,#535,.T.);
#1259=EDGE_CURVE('',#1035,#1006,#536,.T.);
#1260=EDGE_CURVE('',#1036,#1035,#537,.T.);
#1261=EDGE_CURVE('',#1003,#1036,#538,.T.);
#1262=EDGE_CURVE('',#1037,#1036,#539,.T.);
#1263=EDGE_CURVE('',#1037,#1004,#540,.T.);
#1264=EDGE_CURVE('',#1034,#1037,#541,.T.);
#1265=EDGE_CURVE('',#1038,#1009,#542,.T.);
#1266=EDGE_CURVE('',#1039,#1038,#543,.T.);
#1267=EDGE_CURVE('',#1039,#1010,#544,.T.);
#1268=EDGE_CURVE('',#1040,#1039,#545,.T.);
#1269=EDGE_CURVE('',#1007,#1040,#546,.T.);
#1270=EDGE_CURVE('',#1041,#1040,#547,.T.);
#1271=EDGE_CURVE('',#1041,#1008,#548,.T.);
#1272=EDGE_CURVE('',#1038,#1041,#549,.T.);
#1273=EDGE_CURVE('',#1042,#1013,#550,.T.);
#1274=EDGE_CURVE('',#1043,#1042,#551,.T.);
#1275=EDGE_CURVE('',#1043,#1014,#552,.T.);
#1276=EDGE_CURVE('',#1044,#1043,#553,.T.);
#1277=EDGE_CURVE('',#1011,#1044,#554,.T.);
#1278=EDGE_CURVE('',#1045,#1044,#555,.T.);
#1279=EDGE_CURVE('',#1045,#1012,#556,.T.);
#1280=EDGE_CURVE('',#1042,#1045,#557,.T.);
#1281=EDGE_CURVE('',#1046,#1046,#907,.T.);
#1282=EDGE_CURVE('',#1046,#1047,#558,.T.);
#1283=EDGE_CURVE('',#1048,#1048,#908,.T.);
#1284=EDGE_CURVE('',#1048,#1049,#559,.T.);
#1285=EDGE_CURVE('',#1050,#1050,#909,.T.);
#1286=EDGE_CURVE('',#1050,#1051,#560,.T.);
#1287=EDGE_CURVE('',#1052,#1052,#910,.T.);
#1288=EDGE_CURVE('',#1052,#1053,#561,.T.);
#1289=EDGE_CURVE('',#1054,#1055,#562,.F.);
#1290=EDGE_CURVE('',#1054,#1056,#563,.F.);
#1291=EDGE_CURVE('',#1057,#1056,#564,.T.);
#1292=EDGE_CURVE('',#1055,#1057,#565,.T.);
#1293=EDGE_CURVE('',#1058,#1054,#566,.F.);
#1294=EDGE_CURVE('',#1058,#1059,#567,.F.);
#1295=EDGE_CURVE('',#1056,#1059,#568,.T.);
#1296=EDGE_CURVE('',#1060,#1058,#569,.F.);
#1297=EDGE_CURVE('',#1060,#1061,#570,.F.);
#1298=EDGE_CURVE('',#1059,#1061,#571,.T.);
#1299=EDGE_CURVE('',#1055,#1060,#572,.F.);
#1300=EDGE_CURVE('',#1061,#1057,#573,.T.);
#1301=EDGE_CURVE('',#1020,#1015,#574,.T.);
#1302=EDGE_CURVE('',#984,#1017,#575,.T.);
#1303=EDGE_CURVE('',#1062,#1062,#911,.T.);
#1304=EDGE_CURVE('',#1062,#1063,#576,.T.);
#1305=EDGE_CURVE('',#1064,#1063,#21,.F.);
#1306=EDGE_CURVE('',#1065,#1064,#22,.F.);
#1307=EDGE_CURVE('',#1063,#1065,#23,.F.);
#1308=EDGE_CURVE('',#1066,#1066,#912,.T.);
#1309=EDGE_CURVE('',#1066,#1062,#577,.T.);
#1310=EDGE_CURVE('',#1067,#1068,#913,.T.);
#1311=EDGE_CURVE('',#1068,#1069,#578,.T.);
#1312=EDGE_CURVE('',#1069,#1070,#914,.T.);
#1313=EDGE_CURVE('',#1070,#1067,#579,.T.);
#1314=EDGE_CURVE('',#1067,#1071,#580,.T.);
#1315=EDGE_CURVE('',#1071,#1072,#581,.T.);
#1316=EDGE_CURVE('',#1072,#1073,#582,.T.);
#1317=EDGE_CURVE('',#1073,#1068,#583,.T.);
#1318=EDGE_CURVE('',#1074,#1074,#915,.T.);
#1319=EDGE_CURVE('',#1070,#1075,#584,.T.);
#1320=EDGE_CURVE('',#1075,#1071,#585,.T.);
#1321=EDGE_CURVE('',#1076,#1076,#916,.T.);
#1322=EDGE_CURVE('',#1076,#1074,#586,.T.);
#1323=EDGE_CURVE('',#1065,#1076,#587,.T.);
#1324=EDGE_CURVE('',#1077,#1073,#588,.T.);
#1325=EDGE_CURVE('',#1077,#1069,#589,.T.);
#1326=EDGE_CURVE('',#1078,#1077,#590,.T.);
#1327=EDGE_CURVE('',#1078,#1072,#591,.T.);
#1328=EDGE_CURVE('',#1075,#1078,#592,.T.);
#1329=EDGE_CURVE('',#1079,#1079,#917,.T.);
#1330=EDGE_CURVE('',#1079,#1080,#593,.T.);
#1331=EDGE_CURVE('',#1081,#1080,#24,.F.);
#1332=EDGE_CURVE('',#1082,#1081,#25,.F.);
#1333=EDGE_CURVE('',#1080,#1082,#26,.F.);
#1334=EDGE_CURVE('',#1083,#1083,#918,.T.);
#1335=EDGE_CURVE('',#1083,#1079,#594,.T.);
#1336=EDGE_CURVE('',#1084,#1085,#919,.T.);
#1337=EDGE_CURVE('',#1085,#1086,#595,.T.);
#1338=EDGE_CURVE('',#1086,#1087,#920,.T.);
#1339=EDGE_CURVE('',#1087,#1084,#596,.T.);
#1340=EDGE_CURVE('',#1086,#1088,#597,.T.);
#1341=EDGE_CURVE('',#1088,#1089,#598,.T.);
#1342=EDGE_CURVE('',#1089,#1090,#599,.T.);
#1343=EDGE_CURVE('',#1090,#1087,#600,.T.);
#1344=EDGE_CURVE('',#1091,#1085,#601,.T.);
#1345=EDGE_CURVE('',#1088,#1091,#602,.T.);
#1346=EDGE_CURVE('',#1092,#1092,#921,.T.);
#1347=EDGE_CURVE('',#1092,#1093,#603,.T.);
#1348=EDGE_CURVE('',#1093,#1093,#922,.T.);
#1349=EDGE_CURVE('',#1081,#1092,#604,.T.);
#1350=EDGE_CURVE('',#1089,#1094,#605,.T.);
#1351=EDGE_CURVE('',#1095,#1094,#606,.T.);
#1352=EDGE_CURVE('',#1090,#1095,#607,.T.);
#1353=EDGE_CURVE('',#1084,#1095,#608,.T.);
#1354=EDGE_CURVE('',#1094,#1091,#609,.T.);
#1355=EDGE_CURVE('',#1096,#1096,#923,.T.);
#1356=EDGE_CURVE('',#1096,#1097,#610,.T.);
#1357=EDGE_CURVE('',#1098,#1097,#27,.F.);
#1358=EDGE_CURVE('',#1099,#1098,#28,.F.);
#1359=EDGE_CURVE('',#1097,#1099,#29,.F.);
#1360=EDGE_CURVE('',#1100,#1100,#924,.T.);
#1361=EDGE_CURVE('',#1100,#1096,#611,.T.);
#1362=EDGE_CURVE('',#1101,#1102,#30,.T.);
#1363=EDGE_CURVE('',#1102,#1103,#31,.T.);
#1364=EDGE_CURVE('',#1103,#1104,#32,.T.);
#1365=EDGE_CURVE('',#1104,#1101,#33,.T.);
#1366=EDGE_CURVE('',#1101,#1105,#612,.T.);
#1367=EDGE_CURVE('',#1105,#1106,#613,.T.);
#1368=EDGE_CURVE('',#1106,#1107,#614,.T.);
#1369=EDGE_CURVE('',#1107,#1102,#615,.T.);
#1370=EDGE_CURVE('',#1108,#1108,#925,.T.);
#1371=EDGE_CURVE('',#1104,#1109,#616,.T.);
#1372=EDGE_CURVE('',#1109,#1105,#617,.T.);
#1373=EDGE_CURVE('',#1110,#1110,#926,.T.);
#1374=EDGE_CURVE('',#1110,#1108,#618,.T.);
#1375=EDGE_CURVE('',#1099,#1110,#619,.T.);
#1376=EDGE_CURVE('',#1111,#1107,#620,.T.);
#1377=EDGE_CURVE('',#1111,#1103,#621,.T.);
#1378=EDGE_CURVE('',#1112,#1111,#622,.T.);
#1379=EDGE_CURVE('',#1112,#1106,#623,.T.);
#1380=EDGE_CURVE('',#1109,#1112,#624,.T.);
#1381=EDGE_CURVE('',#1113,#1113,#927,.T.);
#1382=EDGE_CURVE('',#1113,#1114,#625,.T.);
#1383=EDGE_CURVE('',#1115,#1114,#34,.F.);
#1384=EDGE_CURVE('',#1116,#1115,#35,.F.);
#1385=EDGE_CURVE('',#1114,#1116,#36,.F.);
#1386=EDGE_CURVE('',#1117,#1117,#928,.T.);
#1387=EDGE_CURVE('',#1117,#1113,#626,.T.);
#1388=EDGE_CURVE('',#1118,#1119,#929,.T.);
#1389=EDGE_CURVE('',#1119,#1120,#627,.T.);
#1390=EDGE_CURVE('',#1120,#1121,#930,.T.);
#1391=EDGE_CURVE('',#1121,#1118,#628,.T.);
#1392=EDGE_CURVE('',#1120,#1122,#629,.T.);
#1393=EDGE_CURVE('',#1122,#1123,#630,.T.);
#1394=EDGE_CURVE('',#1123,#1124,#631,.T.);
#1395=EDGE_CURVE('',#1124,#1121,#632,.T.);
#1396=EDGE_CURVE('',#1125,#1119,#633,.T.);
#1397=EDGE_CURVE('',#1122,#1125,#634,.T.);
#1398=EDGE_CURVE('',#1126,#1126,#931,.T.);
#1399=EDGE_CURVE('',#1126,#1127,#635,.T.);
#1400=EDGE_CURVE('',#1127,#1127,#932,.T.);
#1401=EDGE_CURVE('',#1116,#1126,#636,.T.);
#1402=EDGE_CURVE('',#1123,#1128,#637,.T.);
#1403=EDGE_CURVE('',#1129,#1128,#638,.T.);
#1404=EDGE_CURVE('',#1124,#1129,#639,.T.);
#1405=EDGE_CURVE('',#1118,#1129,#640,.T.);
#1406=EDGE_CURVE('',#1128,#1125,#641,.T.);
#1407=EDGE_CURVE('',#1130,#1130,#933,.T.);
#1408=EDGE_CURVE('',#1130,#1131,#934,.T.);
#1409=EDGE_CURVE('',#1131,#1132,#935,.T.);
#1410=EDGE_CURVE('',#1132,#1131,#936,.T.);
#1411=EDGE_CURVE('',#1132,#1133,#642,.T.);
#1412=EDGE_CURVE('',#1134,#1133,#937,.T.);
#1413=EDGE_CURVE('',#1133,#1134,#938,.T.);
#1414=EDGE_CURVE('',#1135,#1135,#939,.T.);
#1415=EDGE_CURVE('',#1134,#1136,#940,.T.);
#1416=EDGE_CURVE('',#1136,#1137,#941,.T.);
#1417=EDGE_CURVE('',#1137,#1136,#942,.T.);
#1418=EDGE_CURVE('',#1137,#1138,#643,.T.);
#1419=EDGE_CURVE('',#1139,#1138,#943,.T.);
#1420=EDGE_CURVE('',#1138,#1139,#944,.T.);
#1421=EDGE_CURVE('',#1139,#1140,#945,.T.);
#1422=EDGE_CURVE('',#1140,#1140,#946,.T.);
#1423=EDGE_CURVE('',#1141,#1141,#947,.T.);
#1424=EDGE_CURVE('',#1141,#1142,#644,.T.);
#1425=EDGE_CURVE('',#1142,#1142,#948,.T.);
#1426=EDGE_CURVE('',#1143,#1143,#949,.T.);
#1427=EDGE_CURVE('',#1143,#1135,#645,.T.);
#1428=EDGE_CURVE('',#1144,#1144,#950,.T.);
#1429=EDGE_CURVE('',#1145,#1145,#951,.T.);
#1430=EDGE_CURVE('',#1145,#1144,#646,.T.);
#1431=EDGE_CURVE('',#1146,#1146,#952,.T.);
#1432=EDGE_CURVE('',#1146,#1147,#647,.T.);
#1433=EDGE_CURVE('',#1147,#1147,#953,.F.);
#1434=EDGE_CURVE('',#1147,#1148,#648,.T.);
#1435=EDGE_CURVE('',#1148,#1148,#954,.F.);
#1436=EDGE_CURVE('',#1149,#1149,#955,.T.);
#1437=EDGE_CURVE('',#1149,#1150,#649,.T.);
#1438=EDGE_CURVE('',#1150,#1150,#956,.F.);
#1439=EDGE_CURVE('',#1150,#1151,#650,.T.);
#1440=EDGE_CURVE('',#1151,#1151,#957,.F.);
#1441=EDGE_CURVE('',#1152,#1152,#958,.T.);
#1442=EDGE_CURVE('',#1152,#1153,#651,.T.);
#1443=EDGE_CURVE('',#1153,#1153,#959,.F.);
#1444=EDGE_CURVE('',#1153,#1154,#652,.T.);
#1445=EDGE_CURVE('',#1154,#1154,#960,.F.);
#1446=EDGE_CURVE('',#1155,#1155,#961,.T.);
#1447=EDGE_CURVE('',#1155,#1156,#653,.T.);
#1448=EDGE_CURVE('',#1156,#1156,#962,.F.);
#1449=EDGE_CURVE('',#1156,#1157,#654,.T.);
#1450=EDGE_CURVE('',#1157,#1157,#963,.F.);
#1451=EDGE_CURVE('',#1158,#1159,#655,.T.);
#1452=EDGE_CURVE('',#1160,#1158,#656,.T.);
#1453=EDGE_CURVE('',#1161,#1160,#657,.T.);
#1454=EDGE_CURVE('',#1161,#1159,#658,.T.);
#1455=EDGE_CURVE('',#1159,#1162,#659,.T.);
#1456=EDGE_CURVE('',#1163,#1161,#660,.T.);
#1457=EDGE_CURVE('',#1162,#1163,#661,.T.);
#1458=EDGE_CURVE('',#1162,#1164,#662,.T.);
#1459=EDGE_CURVE('',#1165,#1163,#663,.T.);
#1460=EDGE_CURVE('',#1165,#1164,#664,.T.);
#1461=EDGE_CURVE('',#1164,#1158,#665,.T.);
#1462=EDGE_CURVE('',#1160,#1165,#666,.T.);
#1463=EDGE_CURVE('',#1166,#1167,#964,.T.);
#1464=EDGE_CURVE('',#1167,#1168,#965,.T.);
#1465=EDGE_CURVE('',#1168,#1169,#966,.T.);
#1466=EDGE_CURVE('',#1169,#1166,#967,.T.);
#1467=EDGE_CURVE('',#1170,#1171,#968,.T.);
#1468=EDGE_CURVE('',#1171,#1169,#667,.T.);
#1469=EDGE_CURVE('',#1168,#1170,#668,.T.);
#1470=EDGE_CURVE('',#1172,#1173,#969,.T.);
#1471=EDGE_CURVE('',#1173,#1171,#970,.T.);
#1472=EDGE_CURVE('',#1170,#1172,#971,.T.);
#1473=EDGE_CURVE('',#1174,#1175,#972,.T.);
#1474=EDGE_CURVE('',#1175,#1173,#669,.T.);
#1475=EDGE_CURVE('',#1172,#1174,#670,.T.);
#1476=EDGE_CURVE('',#1176,#1177,#973,.T.);
#1477=EDGE_CURVE('',#1177,#1175,#974,.T.);
#1478=EDGE_CURVE('',#1174,#1176,#975,.T.);
#1479=EDGE_CURVE('',#1178,#1179,#976,.T.);
#1480=EDGE_CURVE('',#1179,#1177,#671,.T.);
#1481=EDGE_CURVE('',#1176,#1178,#672,.T.);
#1482=EDGE_CURVE('',#1180,#1181,#977,.T.);
#1483=EDGE_CURVE('',#1181,#1179,#978,.T.);
#1484=EDGE_CURVE('',#1178,#1180,#979,.T.);
#1485=EDGE_CURVE('',#1180,#1167,#673,.T.);
#1486=EDGE_CURVE('',#1166,#1181,#674,.T.);
#1487=EDGE_CURVE('',#1182,#1179,#675,.T.);
#1488=EDGE_CURVE('',#1183,#1182,#676,.T.);
#1489=EDGE_CURVE('',#1177,#1183,#677,.T.);
#1490=EDGE_CURVE('',#1181,#1184,#678,.T.);
#1491=EDGE_CURVE('',#1184,#1182,#980,.T.);
#1492=EDGE_CURVE('',#1185,#1166,#679,.T.);
#1493=EDGE_CURVE('',#1184,#1185,#680,.T.);
#1494=EDGE_CURVE('',#1169,#1186,#681,.T.);
#1495=EDGE_CURVE('',#1186,#1185,#981,.T.);
#1496=EDGE_CURVE('',#1186,#1187,#682,.T.);
#1497=EDGE_CURVE('',#1188,#1187,#982,.T.);
#1498=EDGE_CURVE('',#1188,#1189,#683,.T.);
#1499=EDGE_CURVE('',#1183,#1189,#983,.T.);
#1500=EDGE_CURVE('',#1189,#1175,#684,.T.);
#1501=EDGE_CURVE('',#1173,#1188,#685,.T.);
#1502=EDGE_CURVE('',#1187,#1171,#686,.T.);
#1503=ORIENTED_EDGE('',*,*,#1190,.T.);
#1504=ORIENTED_EDGE('',*,*,#1191,.T.);
#1505=ORIENTED_EDGE('',*,*,#1192,.T.);
#1506=ORIENTED_EDGE('',*,*,#1193,.T.);
#1507=ORIENTED_EDGE('',*,*,#1192,.F.);
#1508=ORIENTED_EDGE('',*,*,#1194,.F.);
#1509=ORIENTED_EDGE('',*,*,#1195,.F.);
#1510=ORIENTED_EDGE('',*,*,#1196,.F.);
#1511=ORIENTED_EDGE('',*,*,#1197,.F.);
#1512=ORIENTED_EDGE('',*,*,#1198,.F.);
#1513=ORIENTED_EDGE('',*,*,#1199,.F.);
#1514=ORIENTED_EDGE('',*,*,#1200,.F.);
#1515=ORIENTED_EDGE('',*,*,#1191,.F.);
#1516=ORIENTED_EDGE('',*,*,#1201,.F.);
#1517=ORIENTED_EDGE('',*,*,#1202,.F.);
#1518=ORIENTED_EDGE('',*,*,#1194,.T.);
#1519=ORIENTED_EDGE('',*,*,#1203,.T.);
#1520=ORIENTED_EDGE('',*,*,#1204,.T.);
#1521=ORIENTED_EDGE('',*,*,#1205,.T.);
#1522=ORIENTED_EDGE('',*,*,#1206,.T.);
#1523=ORIENTED_EDGE('',*,*,#1207,.T.);
#1524=ORIENTED_EDGE('',*,*,#1208,.T.);
#1525=ORIENTED_EDGE('',*,*,#1209,.T.);
#1526=ORIENTED_EDGE('',*,*,#1210,.T.);
#1527=ORIENTED_EDGE('',*,*,#1211,.T.);
#1528=ORIENTED_EDGE('',*,*,#1212,.T.);
#1529=ORIENTED_EDGE('',*,*,#1213,.T.);
#1530=ORIENTED_EDGE('',*,*,#1214,.T.);
#1531=ORIENTED_EDGE('',*,*,#1215,.T.);
#1532=ORIENTED_EDGE('',*,*,#1216,.T.);
#1533=ORIENTED_EDGE('',*,*,#1217,.T.);
#1534=ORIENTED_EDGE('',*,*,#1218,.T.);
#1535=ORIENTED_EDGE('',*,*,#1219,.T.);
#1536=ORIENTED_EDGE('',*,*,#1220,.T.);
#1537=ORIENTED_EDGE('',*,*,#1221,.T.);
#1538=ORIENTED_EDGE('',*,*,#1222,.T.);
#1539=ORIENTED_EDGE('',*,*,#1223,.T.);
#1540=ORIENTED_EDGE('',*,*,#1224,.T.);
#1541=ORIENTED_EDGE('',*,*,#1195,.T.);
#1542=ORIENTED_EDGE('',*,*,#1202,.T.);
#1543=ORIENTED_EDGE('',*,*,#1225,.T.);
#1544=ORIENTED_EDGE('',*,*,#1226,.T.);
#1545=ORIENTED_EDGE('',*,*,#1199,.T.);
#1546=ORIENTED_EDGE('',*,*,#1227,.T.);
#1547=ORIENTED_EDGE('',*,*,#1227,.F.);
#1548=ORIENTED_EDGE('',*,*,#1198,.T.);
#1549=ORIENTED_EDGE('',*,*,#1228,.F.);
#1550=ORIENTED_EDGE('',*,*,#1229,.F.);
#1551=ORIENTED_EDGE('',*,*,#1230,.T.);
#1552=ORIENTED_EDGE('',*,*,#1231,.T.);
#1553=ORIENTED_EDGE('',*,*,#1228,.T.);
#1554=ORIENTED_EDGE('',*,*,#1197,.T.);
#1555=ORIENTED_EDGE('',*,*,#1232,.T.);
#1556=ORIENTED_EDGE('',*,*,#1230,.F.);
#1557=ORIENTED_EDGE('',*,*,#1233,.T.);
#1558=ORIENTED_EDGE('',*,*,#1234,.F.);
#1559=ORIENTED_EDGE('',*,*,#1233,.F.);
#1560=ORIENTED_EDGE('',*,*,#1235,.F.);
#1561=ORIENTED_EDGE('',*,*,#1236,.T.);
#1562=ORIENTED_EDGE('',*,*,#1237,.F.);
#1563=ORIENTED_EDGE('',*,*,#1236,.F.);
#1564=ORIENTED_EDGE('',*,*,#1238,.F.);
#1565=ORIENTED_EDGE('',*,*,#1239,.T.);
#1566=ORIENTED_EDGE('',*,*,#1240,.F.);
#1567=ORIENTED_EDGE('',*,*,#1239,.F.);
#1568=ORIENTED_EDGE('',*,*,#1205,.F.);
#1569=ORIENTED_EDGE('',*,*,#1241,.F.);
#1570=ORIENTED_EDGE('',*,*,#1242,.T.);
#1571=ORIENTED_EDGE('',*,*,#1243,.T.);
#1572=ORIENTED_EDGE('',*,*,#1206,.F.);
#1573=ORIENTED_EDGE('',*,*,#1243,.F.);
#1574=ORIENTED_EDGE('',*,*,#1244,.T.);
#1575=ORIENTED_EDGE('',*,*,#1245,.F.);
#1576=ORIENTED_EDGE('',*,*,#1244,.F.);
#1577=ORIENTED_EDGE('',*,*,#1242,.F.);
#1578=ORIENTED_EDGE('',*,*,#1246,.F.);
#1579=ORIENTED_EDGE('',*,*,#1247,.F.);
#1580=ORIENTED_EDGE('',*,*,#1203,.F.);
#1581=ORIENTED_EDGE('',*,*,#1245,.T.);
#1582=ORIENTED_EDGE('',*,*,#1247,.T.);
#1583=ORIENTED_EDGE('',*,*,#1248,.T.);
#1584=ORIENTED_EDGE('',*,*,#1204,.F.);
#1585=ORIENTED_EDGE('',*,*,#1248,.F.);
#1586=ORIENTED_EDGE('',*,*,#1246,.T.);
#1587=ORIENTED_EDGE('',*,*,#1241,.T.);
#1588=ORIENTED_EDGE('',*,*,#1209,.F.);
#1589=ORIENTED_EDGE('',*,*,#1249,.F.);
#1590=ORIENTED_EDGE('',*,*,#1250,.T.);
#1591=ORIENTED_EDGE('',*,*,#1251,.T.);
#1592=ORIENTED_EDGE('',*,*,#1210,.F.);
#1593=ORIENTED_EDGE('',*,*,#1251,.F.);
#1594=ORIENTED_EDGE('',*,*,#1252,.T.);
#1595=ORIENTED_EDGE('',*,*,#1253,.F.);
#1596=ORIENTED_EDGE('',*,*,#1252,.F.);
#1597=ORIENTED_EDGE('',*,*,#1250,.F.);
#1598=ORIENTED_EDGE('',*,*,#1254,.F.);
#1599=ORIENTED_EDGE('',*,*,#1255,.F.);
#1600=ORIENTED_EDGE('',*,*,#1207,.F.);
#1601=ORIENTED_EDGE('',*,*,#1253,.T.);
#1602=ORIENTED_EDGE('',*,*,#1255,.T.);
#1603=ORIENTED_EDGE('',*,*,#1256,.T.);
#1604=ORIENTED_EDGE('',*,*,#1208,.F.);
#1605=ORIENTED_EDGE('',*,*,#1256,.F.);
#1606=ORIENTED_EDGE('',*,*,#1254,.T.);
#1607=ORIENTED_EDGE('',*,*,#1249,.T.);
#1608=ORIENTED_EDGE('',*,*,#1213,.F.);
#1609=ORIENTED_EDGE('',*,*,#1257,.F.);
#1610=ORIENTED_EDGE('',*,*,#1258,.F.);
#1611=ORIENTED_EDGE('',*,*,#1259,.T.);
#1612=ORIENTED_EDGE('',*,*,#1214,.F.);
#1613=ORIENTED_EDGE('',*,*,#1259,.F.);
#1614=ORIENTED_EDGE('',*,*,#1260,.F.);
#1615=ORIENTED_EDGE('',*,*,#1261,.F.);
#1616=ORIENTED_EDGE('',*,*,#1211,.F.);
#1617=ORIENTED_EDGE('',*,*,#1261,.T.);
#1618=ORIENTED_EDGE('',*,*,#1262,.F.);
#1619=ORIENTED_EDGE('',*,*,#1263,.T.);
#1620=ORIENTED_EDGE('',*,*,#1212,.F.);
#1621=ORIENTED_EDGE('',*,*,#1263,.F.);
#1622=ORIENTED_EDGE('',*,*,#1264,.F.);
#1623=ORIENTED_EDGE('',*,*,#1257,.T.);
#1624=ORIENTED_EDGE('',*,*,#1217,.F.);
#1625=ORIENTED_EDGE('',*,*,#1265,.F.);
#1626=ORIENTED_EDGE('',*,*,#1266,.F.);
#1627=ORIENTED_EDGE('',*,*,#1267,.T.);
#1628=ORIENTED_EDGE('',*,*,#1218,.F.);
#1629=ORIENTED_EDGE('',*,*,#1267,.F.);
#1630=ORIENTED_EDGE('',*,*,#1268,.F.);
#1631=ORIENTED_EDGE('',*,*,#1269,.F.);
#1632=ORIENTED_EDGE('',*,*,#1215,.F.);
#1633=ORIENTED_EDGE('',*,*,#1269,.T.);
#1634=ORIENTED_EDGE('',*,*,#1270,.F.);
#1635=ORIENTED_EDGE('',*,*,#1271,.T.);
#1636=ORIENTED_EDGE('',*,*,#1216,.F.);
#1637=ORIENTED_EDGE('',*,*,#1271,.F.);
#1638=ORIENTED_EDGE('',*,*,#1272,.F.);
#1639=ORIENTED_EDGE('',*,*,#1265,.T.);
#1640=ORIENTED_EDGE('',*,*,#1221,.F.);
#1641=ORIENTED_EDGE('',*,*,#1273,.F.);
#1642=ORIENTED_EDGE('',*,*,#1274,.F.);
#1643=ORIENTED_EDGE('',*,*,#1275,.T.);
#1644=ORIENTED_EDGE('',*,*,#1222,.F.);
#1645=ORIENTED_EDGE('',*,*,#1275,.F.);
#1646=ORIENTED_EDGE('',*,*,#1276,.F.);
#1647=ORIENTED_EDGE('',*,*,#1277,.F.);
#1648=ORIENTED_EDGE('',*,*,#1219,.F.);
#1649=ORIENTED_EDGE('',*,*,#1277,.T.);
#1650=ORIENTED_EDGE('',*,*,#1278,.F.);
#1651=ORIENTED_EDGE('',*,*,#1279,.T.);
#1652=ORIENTED_EDGE('',*,*,#1220,.F.);
#1653=ORIENTED_EDGE('',*,*,#1279,.F.);
#1654=ORIENTED_EDGE('',*,*,#1280,.F.);
#1655=ORIENTED_EDGE('',*,*,#1273,.T.);
#1656=ORIENTED_EDGE('',*,*,#1281,.F.);
#1657=ORIENTED_EDGE('',*,*,#1282,.T.);
#1658=ORIENTED_EDGE('',*,*,#1282,.F.);
#1659=ORIENTED_EDGE('',*,*,#1283,.F.);
#1660=ORIENTED_EDGE('',*,*,#1284,.T.);
#1661=ORIENTED_EDGE('',*,*,#1284,.F.);
#1662=ORIENTED_EDGE('',*,*,#1285,.F.);
#1663=ORIENTED_EDGE('',*,*,#1286,.T.);
#1664=ORIENTED_EDGE('',*,*,#1286,.F.);
#1665=ORIENTED_EDGE('',*,*,#1287,.F.);
#1666=ORIENTED_EDGE('',*,*,#1288,.T.);
#1667=ORIENTED_EDGE('',*,*,#1288,.F.);
#1668=ORIENTED_EDGE('',*,*,#1289,.F.);
#1669=ORIENTED_EDGE('',*,*,#1290,.T.);
#1670=ORIENTED_EDGE('',*,*,#1291,.F.);
#1671=ORIENTED_EDGE('',*,*,#1292,.F.);
#1672=ORIENTED_EDGE('',*,*,#1235,.T.);
#1673=ORIENTED_EDGE('',*,*,#1238,.T.);
#1674=ORIENTED_EDGE('',*,*,#1293,.F.);
#1675=ORIENTED_EDGE('',*,*,#1294,.T.);
#1676=ORIENTED_EDGE('',*,*,#1295,.F.);
#1677=ORIENTED_EDGE('',*,*,#1290,.F.);
#1678=ORIENTED_EDGE('',*,*,#1234,.T.);
#1679=ORIENTED_EDGE('',*,*,#1296,.F.);
#1680=ORIENTED_EDGE('',*,*,#1297,.T.);
#1681=ORIENTED_EDGE('',*,*,#1298,.F.);
#1682=ORIENTED_EDGE('',*,*,#1294,.F.);
#1683=ORIENTED_EDGE('',*,*,#1299,.F.);
#1684=ORIENTED_EDGE('',*,*,#1292,.T.);
#1685=ORIENTED_EDGE('',*,*,#1300,.F.);
#1686=ORIENTED_EDGE('',*,*,#1297,.F.);
#1687=ORIENTED_EDGE('',*,*,#1262,.T.);
#1688=ORIENTED_EDGE('',*,*,#1260,.T.);
#1689=ORIENTED_EDGE('',*,*,#1258,.T.);
#1690=ORIENTED_EDGE('',*,*,#1264,.T.);
#1691=ORIENTED_EDGE('',*,*,#1270,.T.);
#1692=ORIENTED_EDGE('',*,*,#1268,.T.);
#1693=ORIENTED_EDGE('',*,*,#1266,.T.);
#1694=ORIENTED_EDGE('',*,*,#1272,.T.);
#1695=ORIENTED_EDGE('',*,*,#1278,.T.);
#1696=ORIENTED_EDGE('',*,*,#1276,.T.);
#1697=ORIENTED_EDGE('',*,*,#1274,.T.);
#1698=ORIENTED_EDGE('',*,*,#1280,.T.);
#1699=ORIENTED_EDGE('',*,*,#1299,.T.);
#1700=ORIENTED_EDGE('',*,*,#1296,.T.);
#1701=ORIENTED_EDGE('',*,*,#1293,.T.);
#1702=ORIENTED_EDGE('',*,*,#1289,.T.);
#1703=ORIENTED_EDGE('',*,*,#1281,.T.);
#1704=ORIENTED_EDGE('',*,*,#1283,.T.);
#1705=ORIENTED_EDGE('',*,*,#1285,.T.);
#1706=ORIENTED_EDGE('',*,*,#1287,.T.);
#1707=ORIENTED_EDGE('',*,*,#1224,.F.);
#1708=ORIENTED_EDGE('',*,*,#1301,.F.);
#1709=ORIENTED_EDGE('',*,*,#1232,.F.);
#1710=ORIENTED_EDGE('',*,*,#1196,.T.);
#1711=ORIENTED_EDGE('',*,*,#1237,.T.);
#1712=ORIENTED_EDGE('',*,*,#1240,.T.);
#1713=ORIENTED_EDGE('',*,*,#1193,.F.);
#1714=ORIENTED_EDGE('',*,*,#1200,.T.);
#1715=ORIENTED_EDGE('',*,*,#1226,.F.);
#1716=ORIENTED_EDGE('',*,*,#1302,.F.);
#1717=ORIENTED_EDGE('',*,*,#1190,.F.);
#1718=ORIENTED_EDGE('',*,*,#1302,.T.);
#1719=ORIENTED_EDGE('',*,*,#1225,.F.);
#1720=ORIENTED_EDGE('',*,*,#1229,.T.);
#1721=ORIENTED_EDGE('',*,*,#1231,.F.);
#1722=ORIENTED_EDGE('',*,*,#1301,.T.);
#1723=ORIENTED_EDGE('',*,*,#1223,.F.);
#1724=ORIENTED_EDGE('',*,*,#1201,.T.);
#1725=ORIENTED_EDGE('',*,*,#1291,.T.);
#1726=ORIENTED_EDGE('',*,*,#1295,.T.);
#1727=ORIENTED_EDGE('',*,*,#1298,.T.);
#1728=ORIENTED_EDGE('',*,*,#1300,.T.);
#1729=ORIENTED_EDGE('',*,*,#1303,.F.);
#1730=ORIENTED_EDGE('',*,*,#1304,.T.);
#1731=ORIENTED_EDGE('',*,*,#1305,.F.);
#1732=ORIENTED_EDGE('',*,*,#1306,.F.);
#1733=ORIENTED_EDGE('',*,*,#1307,.F.);
#1734=ORIENTED_EDGE('',*,*,#1304,.F.);
#1735=ORIENTED_EDGE('',*,*,#1308,.F.);
#1736=ORIENTED_EDGE('',*,*,#1309,.T.);
#1737=ORIENTED_EDGE('',*,*,#1303,.T.);
#1738=ORIENTED_EDGE('',*,*,#1309,.F.);
#1739=ORIENTED_EDGE('',*,*,#1310,.T.);
#1740=ORIENTED_EDGE('',*,*,#1311,.T.);
#1741=ORIENTED_EDGE('',*,*,#1312,.T.);
#1742=ORIENTED_EDGE('',*,*,#1313,.T.);
#1743=ORIENTED_EDGE('',*,*,#1310,.F.);
#1744=ORIENTED_EDGE('',*,*,#1314,.T.);
#1745=ORIENTED_EDGE('',*,*,#1315,.T.);
#1746=ORIENTED_EDGE('',*,*,#1316,.T.);
#1747=ORIENTED_EDGE('',*,*,#1317,.T.);
#1748=ORIENTED_EDGE('',*,*,#1318,.T.);
#1749=ORIENTED_EDGE('',*,*,#1313,.F.);
#1750=ORIENTED_EDGE('',*,*,#1319,.T.);
#1751=ORIENTED_EDGE('',*,*,#1320,.T.);
#1752=ORIENTED_EDGE('',*,*,#1314,.F.);
#1753=ORIENTED_EDGE('',*,*,#1321,.F.);
#1754=ORIENTED_EDGE('',*,*,#1322,.T.);
#1755=ORIENTED_EDGE('',*,*,#1318,.F.);
#1756=ORIENTED_EDGE('',*,*,#1322,.F.);
#1757=ORIENTED_EDGE('',*,*,#1305,.T.);
#1758=ORIENTED_EDGE('',*,*,#1307,.T.);
#1759=ORIENTED_EDGE('',*,*,#1323,.T.);
#1760=ORIENTED_EDGE('',*,*,#1321,.T.);
#1761=ORIENTED_EDGE('',*,*,#1323,.F.);
#1762=ORIENTED_EDGE('',*,*,#1306,.T.);
#1763=ORIENTED_EDGE('',*,*,#1311,.F.);
#1764=ORIENTED_EDGE('',*,*,#1317,.F.);
#1765=ORIENTED_EDGE('',*,*,#1324,.F.);
#1766=ORIENTED_EDGE('',*,*,#1325,.T.);
#1767=ORIENTED_EDGE('',*,*,#1326,.T.);
#1768=ORIENTED_EDGE('',*,*,#1324,.T.);
#1769=ORIENTED_EDGE('',*,*,#1316,.F.);
#1770=ORIENTED_EDGE('',*,*,#1327,.F.);
#1771=ORIENTED_EDGE('',*,*,#1328,.T.);
#1772=ORIENTED_EDGE('',*,*,#1327,.T.);
#1773=ORIENTED_EDGE('',*,*,#1315,.F.);
#1774=ORIENTED_EDGE('',*,*,#1320,.F.);
#1775=ORIENTED_EDGE('',*,*,#1312,.F.);
#1776=ORIENTED_EDGE('',*,*,#1325,.F.);
#1777=ORIENTED_EDGE('',*,*,#1326,.F.);
#1778=ORIENTED_EDGE('',*,*,#1328,.F.);
#1779=ORIENTED_EDGE('',*,*,#1319,.F.);
#1780=ORIENTED_EDGE('',*,*,#1308,.T.);
#1781=ORIENTED_EDGE('',*,*,#1329,.F.);
#1782=ORIENTED_EDGE('',*,*,#1330,.T.);
#1783=ORIENTED_EDGE('',*,*,#1331,.F.);
#1784=ORIENTED_EDGE('',*,*,#1332,.F.);
#1785=ORIENTED_EDGE('',*,*,#1333,.F.);
#1786=ORIENTED_EDGE('',*,*,#1330,.F.);
#1787=ORIENTED_EDGE('',*,*,#1334,.F.);
#1788=ORIENTED_EDGE('',*,*,#1335,.T.);
#1789=ORIENTED_EDGE('',*,*,#1329,.T.);
#1790=ORIENTED_EDGE('',*,*,#1335,.F.);
#1791=ORIENTED_EDGE('',*,*,#1336,.T.);
#1792=ORIENTED_EDGE('',*,*,#1337,.T.);
#1793=ORIENTED_EDGE('',*,*,#1338,.T.);
#1794=ORIENTED_EDGE('',*,*,#1339,.T.);
#1795=ORIENTED_EDGE('',*,*,#1338,.F.);
#1796=ORIENTED_EDGE('',*,*,#1340,.T.);
#1797=ORIENTED_EDGE('',*,*,#1341,.T.);
#1798=ORIENTED_EDGE('',*,*,#1342,.T.);
#1799=ORIENTED_EDGE('',*,*,#1343,.T.);
#1800=ORIENTED_EDGE('',*,*,#1334,.T.);
#1801=ORIENTED_EDGE('',*,*,#1337,.F.);
#1802=ORIENTED_EDGE('',*,*,#1344,.F.);
#1803=ORIENTED_EDGE('',*,*,#1345,.F.);
#1804=ORIENTED_EDGE('',*,*,#1340,.F.);
#1805=ORIENTED_EDGE('',*,*,#1346,.F.);
#1806=ORIENTED_EDGE('',*,*,#1347,.T.);
#1807=ORIENTED_EDGE('',*,*,#1348,.F.);
#1808=ORIENTED_EDGE('',*,*,#1347,.F.);
#1809=ORIENTED_EDGE('',*,*,#1332,.T.);
#1810=ORIENTED_EDGE('',*,*,#1349,.T.);
#1811=ORIENTED_EDGE('',*,*,#1346,.T.);
#1812=ORIENTED_EDGE('',*,*,#1349,.F.);
#1813=ORIENTED_EDGE('',*,*,#1331,.T.);
#1814=ORIENTED_EDGE('',*,*,#1333,.T.);
#1815=ORIENTED_EDGE('',*,*,#1342,.F.);
#1816=ORIENTED_EDGE('',*,*,#1350,.T.);
#1817=ORIENTED_EDGE('',*,*,#1351,.F.);
#1818=ORIENTED_EDGE('',*,*,#1352,.F.);
#1819=ORIENTED_EDGE('',*,*,#1339,.F.);
#1820=ORIENTED_EDGE('',*,*,#1343,.F.);
#1821=ORIENTED_EDGE('',*,*,#1352,.T.);
#1822=ORIENTED_EDGE('',*,*,#1353,.F.);
#1823=ORIENTED_EDGE('',*,*,#1341,.F.);
#1824=ORIENTED_EDGE('',*,*,#1345,.T.);
#1825=ORIENTED_EDGE('',*,*,#1354,.F.);
#1826=ORIENTED_EDGE('',*,*,#1350,.F.);
#1827=ORIENTED_EDGE('',*,*,#1336,.F.);
#1828=ORIENTED_EDGE('',*,*,#1353,.T.);
#1829=ORIENTED_EDGE('',*,*,#1351,.T.);
#1830=ORIENTED_EDGE('',*,*,#1354,.T.);
#1831=ORIENTED_EDGE('',*,*,#1344,.T.);
#1832=ORIENTED_EDGE('',*,*,#1348,.T.);
#1833=ORIENTED_EDGE('',*,*,#1355,.F.);
#1834=ORIENTED_EDGE('',*,*,#1356,.T.);
#1835=ORIENTED_EDGE('',*,*,#1357,.F.);
#1836=ORIENTED_EDGE('',*,*,#1358,.F.);
#1837=ORIENTED_EDGE('',*,*,#1359,.F.);
#1838=ORIENTED_EDGE('',*,*,#1356,.F.);
#1839=ORIENTED_EDGE('',*,*,#1360,.F.);
#1840=ORIENTED_EDGE('',*,*,#1361,.T.);
#1841=ORIENTED_EDGE('',*,*,#1355,.T.);
#1842=ORIENTED_EDGE('',*,*,#1361,.F.);
#1843=ORIENTED_EDGE('',*,*,#1362,.T.);
#1844=ORIENTED_EDGE('',*,*,#1363,.T.);
#1845=ORIENTED_EDGE('',*,*,#1364,.T.);
#1846=ORIENTED_EDGE('',*,*,#1365,.T.);
#1847=ORIENTED_EDGE('',*,*,#1362,.F.);
#1848=ORIENTED_EDGE('',*,*,#1366,.T.);
#1849=ORIENTED_EDGE('',*,*,#1367,.T.);
#1850=ORIENTED_EDGE('',*,*,#1368,.T.);
#1851=ORIENTED_EDGE('',*,*,#1369,.T.);
#1852=ORIENTED_EDGE('',*,*,#1370,.T.);
#1853=ORIENTED_EDGE('',*,*,#1365,.F.);
#1854=ORIENTED_EDGE('',*,*,#1371,.T.);
#1855=ORIENTED_EDGE('',*,*,#1372,.T.);
#1856=ORIENTED_EDGE('',*,*,#1366,.F.);
#1857=ORIENTED_EDGE('',*,*,#1373,.F.);
#1858=ORIENTED_EDGE('',*,*,#1374,.T.);
#1859=ORIENTED_EDGE('',*,*,#1370,.F.);
#1860=ORIENTED_EDGE('',*,*,#1374,.F.);
#1861=ORIENTED_EDGE('',*,*,#1357,.T.);
#1862=ORIENTED_EDGE('',*,*,#1359,.T.);
#1863=ORIENTED_EDGE('',*,*,#1375,.T.);
#1864=ORIENTED_EDGE('',*,*,#1373,.T.);
#1865=ORIENTED_EDGE('',*,*,#1375,.F.);
#1866=ORIENTED_EDGE('',*,*,#1358,.T.);
#1867=ORIENTED_EDGE('',*,*,#1363,.F.);
#1868=ORIENTED_EDGE('',*,*,#1369,.F.);
#1869=ORIENTED_EDGE('',*,*,#1376,.F.);
#1870=ORIENTED_EDGE('',*,*,#1377,.T.);
#1871=ORIENTED_EDGE('',*,*,#1378,.T.);
#1872=ORIENTED_EDGE('',*,*,#1376,.T.);
#1873=ORIENTED_EDGE('',*,*,#1368,.F.);
#1874=ORIENTED_EDGE('',*,*,#1379,.F.);
#1875=ORIENTED_EDGE('',*,*,#1380,.T.);
#1876=ORIENTED_EDGE('',*,*,#1379,.T.);
#1877=ORIENTED_EDGE('',*,*,#1367,.F.);
#1878=ORIENTED_EDGE('',*,*,#1372,.F.);
#1879=ORIENTED_EDGE('',*,*,#1364,.F.);
#1880=ORIENTED_EDGE('',*,*,#1377,.F.);
#1881=ORIENTED_EDGE('',*,*,#1378,.F.);
#1882=ORIENTED_EDGE('',*,*,#1380,.F.);
#1883=ORIENTED_EDGE('',*,*,#1371,.F.);
#1884=ORIENTED_EDGE('',*,*,#1360,.T.);
#1885=ORIENTED_EDGE('',*,*,#1381,.F.);
#1886=ORIENTED_EDGE('',*,*,#1382,.T.);
#1887=ORIENTED_EDGE('',*,*,#1383,.F.);
#1888=ORIENTED_EDGE('',*,*,#1384,.F.);
#1889=ORIENTED_EDGE('',*,*,#1385,.F.);
#1890=ORIENTED_EDGE('',*,*,#1382,.F.);
#1891=ORIENTED_EDGE('',*,*,#1386,.F.);
#1892=ORIENTED_EDGE('',*,*,#1387,.T.);
#1893=ORIENTED_EDGE('',*,*,#1381,.T.);
#1894=ORIENTED_EDGE('',*,*,#1387,.F.);
#1895=ORIENTED_EDGE('',*,*,#1388,.T.);
#1896=ORIENTED_EDGE('',*,*,#1389,.T.);
#1897=ORIENTED_EDGE('',*,*,#1390,.T.);
#1898=ORIENTED_EDGE('',*,*,#1391,.T.);
#1899=ORIENTED_EDGE('',*,*,#1390,.F.);
#1900=ORIENTED_EDGE('',*,*,#1392,.T.);
#1901=ORIENTED_EDGE('',*,*,#1393,.T.);
#1902=ORIENTED_EDGE('',*,*,#1394,.T.);
#1903=ORIENTED_EDGE('',*,*,#1395,.T.);
#1904=ORIENTED_EDGE('',*,*,#1386,.T.);
#1905=ORIENTED_EDGE('',*,*,#1389,.F.);
#1906=ORIENTED_EDGE('',*,*,#1396,.F.);
#1907=ORIENTED_EDGE('',*,*,#1397,.F.);
#1908=ORIENTED_EDGE('',*,*,#1392,.F.);
#1909=ORIENTED_EDGE('',*,*,#1398,.F.);
#1910=ORIENTED_EDGE('',*,*,#1399,.T.);
#1911=ORIENTED_EDGE('',*,*,#1400,.F.);
#1912=ORIENTED_EDGE('',*,*,#1399,.F.);
#1913=ORIENTED_EDGE('',*,*,#1383,.T.);
#1914=ORIENTED_EDGE('',*,*,#1385,.T.);
#1915=ORIENTED_EDGE('',*,*,#1401,.T.);
#1916=ORIENTED_EDGE('',*,*,#1398,.T.);
#1917=ORIENTED_EDGE('',*,*,#1401,.F.);
#1918=ORIENTED_EDGE('',*,*,#1384,.T.);
#1919=ORIENTED_EDGE('',*,*,#1394,.F.);
#1920=ORIENTED_EDGE('',*,*,#1402,.T.);
#1921=ORIENTED_EDGE('',*,*,#1403,.F.);
#1922=ORIENTED_EDGE('',*,*,#1404,.F.);
#1923=ORIENTED_EDGE('',*,*,#1391,.F.);
#1924=ORIENTED_EDGE('',*,*,#1395,.F.);
#1925=ORIENTED_EDGE('',*,*,#1404,.T.);
#1926=ORIENTED_EDGE('',*,*,#1405,.F.);
#1927=ORIENTED_EDGE('',*,*,#1393,.F.);
#1928=ORIENTED_EDGE('',*,*,#1397,.T.);
#1929=ORIENTED_EDGE('',*,*,#1406,.F.);
#1930=ORIENTED_EDGE('',*,*,#1402,.F.);
#1931=ORIENTED_EDGE('',*,*,#1388,.F.);
#1932=ORIENTED_EDGE('',*,*,#1405,.T.);
#1933=ORIENTED_EDGE('',*,*,#1403,.T.);
#1934=ORIENTED_EDGE('',*,*,#1406,.T.);
#1935=ORIENTED_EDGE('',*,*,#1396,.T.);
#1936=ORIENTED_EDGE('',*,*,#1400,.T.);
#1937=ORIENTED_EDGE('',*,*,#1407,.T.);
#1938=ORIENTED_EDGE('',*,*,#1408,.T.);
#1939=ORIENTED_EDGE('',*,*,#1409,.T.);
#1940=ORIENTED_EDGE('',*,*,#1410,.T.);
#1941=ORIENTED_EDGE('',*,*,#1408,.F.);
#1942=ORIENTED_EDGE('',*,*,#1410,.F.);
#1943=ORIENTED_EDGE('',*,*,#1411,.T.);
#1944=ORIENTED_EDGE('',*,*,#1412,.F.);
#1945=ORIENTED_EDGE('',*,*,#1413,.F.);
#1946=ORIENTED_EDGE('',*,*,#1411,.F.);
#1947=ORIENTED_EDGE('',*,*,#1409,.F.);
#1948=ORIENTED_EDGE('',*,*,#1407,.F.);
#1949=ORIENTED_EDGE('',*,*,#1414,.F.);
#1950=ORIENTED_EDGE('',*,*,#1412,.T.);
#1951=ORIENTED_EDGE('',*,*,#1413,.T.);
#1952=ORIENTED_EDGE('',*,*,#1415,.T.);
#1953=ORIENTED_EDGE('',*,*,#1416,.T.);
#1954=ORIENTED_EDGE('',*,*,#1417,.T.);
#1955=ORIENTED_EDGE('',*,*,#1415,.F.);
#1956=ORIENTED_EDGE('',*,*,#1417,.F.);
#1957=ORIENTED_EDGE('',*,*,#1418,.T.);
#1958=ORIENTED_EDGE('',*,*,#1419,.F.);
#1959=ORIENTED_EDGE('',*,*,#1420,.F.);
#1960=ORIENTED_EDGE('',*,*,#1418,.F.);
#1961=ORIENTED_EDGE('',*,*,#1416,.F.);
#1962=ORIENTED_EDGE('',*,*,#1419,.T.);
#1963=ORIENTED_EDGE('',*,*,#1420,.T.);
#1964=ORIENTED_EDGE('',*,*,#1421,.T.);
#1965=ORIENTED_EDGE('',*,*,#1422,.T.);
#1966=ORIENTED_EDGE('',*,*,#1421,.F.);
#1967=ORIENTED_EDGE('',*,*,#1422,.F.);
#1968=ORIENTED_EDGE('',*,*,#1423,.T.);
#1969=ORIENTED_EDGE('',*,*,#1423,.F.);
#1970=ORIENTED_EDGE('',*,*,#1424,.T.);
#1971=ORIENTED_EDGE('',*,*,#1425,.F.);
#1972=ORIENTED_EDGE('',*,*,#1424,.F.);
#1973=ORIENTED_EDGE('',*,*,#1426,.F.);
#1974=ORIENTED_EDGE('',*,*,#1427,.T.);
#1975=ORIENTED_EDGE('',*,*,#1414,.T.);
#1976=ORIENTED_EDGE('',*,*,#1427,.F.);
#1977=ORIENTED_EDGE('',*,*,#1428,.F.);
#1978=ORIENTED_EDGE('',*,*,#1426,.T.);
#1979=ORIENTED_EDGE('',*,*,#1429,.F.);
#1980=ORIENTED_EDGE('',*,*,#1430,.T.);
#1981=ORIENTED_EDGE('',*,*,#1428,.T.);
#1982=ORIENTED_EDGE('',*,*,#1430,.F.);
#1983=ORIENTED_EDGE('',*,*,#1429,.T.);
#1984=ORIENTED_EDGE('',*,*,#1425,.T.);
#1985=ORIENTED_EDGE('',*,*,#1431,.F.);
#1986=ORIENTED_EDGE('',*,*,#1432,.T.);
#1987=ORIENTED_EDGE('',*,*,#1433,.T.);
#1988=ORIENTED_EDGE('',*,*,#1432,.F.);
#1989=ORIENTED_EDGE('',*,*,#1433,.F.);
#1990=ORIENTED_EDGE('',*,*,#1434,.T.);
#1991=ORIENTED_EDGE('',*,*,#1435,.F.);
#1992=ORIENTED_EDGE('',*,*,#1434,.F.);
#1993=ORIENTED_EDGE('',*,*,#1436,.F.);
#1994=ORIENTED_EDGE('',*,*,#1437,.T.);
#1995=ORIENTED_EDGE('',*,*,#1438,.T.);
#1996=ORIENTED_EDGE('',*,*,#1437,.F.);
#1997=ORIENTED_EDGE('',*,*,#1438,.F.);
#1998=ORIENTED_EDGE('',*,*,#1439,.T.);
#1999=ORIENTED_EDGE('',*,*,#1440,.F.);
#2000=ORIENTED_EDGE('',*,*,#1439,.F.);
#2001=ORIENTED_EDGE('',*,*,#1441,.F.);
#2002=ORIENTED_EDGE('',*,*,#1442,.T.);
#2003=ORIENTED_EDGE('',*,*,#1443,.T.);
#2004=ORIENTED_EDGE('',*,*,#1442,.F.);
#2005=ORIENTED_EDGE('',*,*,#1443,.F.);
#2006=ORIENTED_EDGE('',*,*,#1444,.T.);
#2007=ORIENTED_EDGE('',*,*,#1445,.F.);
#2008=ORIENTED_EDGE('',*,*,#1444,.F.);
#2009=ORIENTED_EDGE('',*,*,#1446,.F.);
#2010=ORIENTED_EDGE('',*,*,#1447,.T.);
#2011=ORIENTED_EDGE('',*,*,#1448,.T.);
#2012=ORIENTED_EDGE('',*,*,#1447,.F.);
#2013=ORIENTED_EDGE('',*,*,#1448,.F.);
#2014=ORIENTED_EDGE('',*,*,#1449,.T.);
#2015=ORIENTED_EDGE('',*,*,#1450,.F.);
#2016=ORIENTED_EDGE('',*,*,#1449,.F.);
#2017=ORIENTED_EDGE('',*,*,#1451,.F.);
#2018=ORIENTED_EDGE('',*,*,#1452,.F.);
#2019=ORIENTED_EDGE('',*,*,#1453,.F.);
#2020=ORIENTED_EDGE('',*,*,#1454,.T.);
#2021=ORIENTED_EDGE('',*,*,#1455,.F.);
#2022=ORIENTED_EDGE('',*,*,#1454,.F.);
#2023=ORIENTED_EDGE('',*,*,#1456,.F.);
#2024=ORIENTED_EDGE('',*,*,#1457,.F.);
#2025=ORIENTED_EDGE('',*,*,#1458,.F.);
#2026=ORIENTED_EDGE('',*,*,#1457,.T.);
#2027=ORIENTED_EDGE('',*,*,#1459,.F.);
#2028=ORIENTED_EDGE('',*,*,#1460,.T.);
#2029=ORIENTED_EDGE('',*,*,#1461,.F.);
#2030=ORIENTED_EDGE('',*,*,#1460,.F.);
#2031=ORIENTED_EDGE('',*,*,#1462,.F.);
#2032=ORIENTED_EDGE('',*,*,#1452,.T.);
#2033=ORIENTED_EDGE('',*,*,#1463,.T.);
#2034=ORIENTED_EDGE('',*,*,#1464,.T.);
#2035=ORIENTED_EDGE('',*,*,#1465,.T.);
#2036=ORIENTED_EDGE('',*,*,#1466,.T.);
#2037=ORIENTED_EDGE('',*,*,#1467,.T.);
#2038=ORIENTED_EDGE('',*,*,#1468,.T.);
#2039=ORIENTED_EDGE('',*,*,#1465,.F.);
#2040=ORIENTED_EDGE('',*,*,#1469,.T.);
#2041=ORIENTED_EDGE('',*,*,#1470,.T.);
#2042=ORIENTED_EDGE('',*,*,#1471,.T.);
#2043=ORIENTED_EDGE('',*,*,#1467,.F.);
#2044=ORIENTED_EDGE('',*,*,#1472,.T.);
#2045=ORIENTED_EDGE('',*,*,#1473,.T.);
#2046=ORIENTED_EDGE('',*,*,#1474,.T.);
#2047=ORIENTED_EDGE('',*,*,#1470,.F.);
#2048=ORIENTED_EDGE('',*,*,#1475,.T.);
#2049=ORIENTED_EDGE('',*,*,#1476,.T.);
#2050=ORIENTED_EDGE('',*,*,#1477,.T.);
#2051=ORIENTED_EDGE('',*,*,#1473,.F.);
#2052=ORIENTED_EDGE('',*,*,#1478,.T.);
#2053=ORIENTED_EDGE('',*,*,#1479,.T.);
#2054=ORIENTED_EDGE('',*,*,#1480,.T.);
#2055=ORIENTED_EDGE('',*,*,#1476,.F.);
#2056=ORIENTED_EDGE('',*,*,#1481,.T.);
#2057=ORIENTED_EDGE('',*,*,#1482,.T.);
#2058=ORIENTED_EDGE('',*,*,#1483,.T.);
#2059=ORIENTED_EDGE('',*,*,#1479,.F.);
#2060=ORIENTED_EDGE('',*,*,#1484,.T.);
#2061=ORIENTED_EDGE('',*,*,#1482,.F.);
#2062=ORIENTED_EDGE('',*,*,#1485,.T.);
#2063=ORIENTED_EDGE('',*,*,#1463,.F.);
#2064=ORIENTED_EDGE('',*,*,#1486,.T.);
#2065=ORIENTED_EDGE('',*,*,#1480,.F.);
#2066=ORIENTED_EDGE('',*,*,#1487,.F.);
#2067=ORIENTED_EDGE('',*,*,#1488,.F.);
#2068=ORIENTED_EDGE('',*,*,#1489,.F.);
#2069=ORIENTED_EDGE('',*,*,#1483,.F.);
#2070=ORIENTED_EDGE('',*,*,#1490,.T.);
#2071=ORIENTED_EDGE('',*,*,#1491,.T.);
#2072=ORIENTED_EDGE('',*,*,#1487,.T.);
#2073=ORIENTED_EDGE('',*,*,#1486,.F.);
#2074=ORIENTED_EDGE('',*,*,#1492,.F.);
#2075=ORIENTED_EDGE('',*,*,#1493,.F.);
#2076=ORIENTED_EDGE('',*,*,#1490,.F.);
#2077=ORIENTED_EDGE('',*,*,#1466,.F.);
#2078=ORIENTED_EDGE('',*,*,#1494,.T.);
#2079=ORIENTED_EDGE('',*,*,#1495,.T.);
#2080=ORIENTED_EDGE('',*,*,#1492,.T.);
#2081=ORIENTED_EDGE('',*,*,#1464,.F.);
#2082=ORIENTED_EDGE('',*,*,#1485,.F.);
#2083=ORIENTED_EDGE('',*,*,#1484,.F.);
#2084=ORIENTED_EDGE('',*,*,#1481,.F.);
#2085=ORIENTED_EDGE('',*,*,#1478,.F.);
#2086=ORIENTED_EDGE('',*,*,#1475,.F.);
#2087=ORIENTED_EDGE('',*,*,#1472,.F.);
#2088=ORIENTED_EDGE('',*,*,#1469,.F.);
#2089=ORIENTED_EDGE('',*,*,#1431,.T.);
#2090=ORIENTED_EDGE('',*,*,#1436,.T.);
#2091=ORIENTED_EDGE('',*,*,#1441,.T.);
#2092=ORIENTED_EDGE('',*,*,#1446,.T.);
#2093=ORIENTED_EDGE('',*,*,#1458,.T.);
#2094=ORIENTED_EDGE('',*,*,#1461,.T.);
#2095=ORIENTED_EDGE('',*,*,#1451,.T.);
#2096=ORIENTED_EDGE('',*,*,#1455,.T.);
#2097=ORIENTED_EDGE('',*,*,#1491,.F.);
#2098=ORIENTED_EDGE('',*,*,#1493,.T.);
#2099=ORIENTED_EDGE('',*,*,#1495,.F.);
#2100=ORIENTED_EDGE('',*,*,#1496,.T.);
#2101=ORIENTED_EDGE('',*,*,#1497,.F.);
#2102=ORIENTED_EDGE('',*,*,#1498,.T.);
#2103=ORIENTED_EDGE('',*,*,#1499,.F.);
#2104=ORIENTED_EDGE('',*,*,#1488,.T.);
#2105=ORIENTED_EDGE('',*,*,#1435,.T.);
#2106=ORIENTED_EDGE('',*,*,#1440,.T.);
#2107=ORIENTED_EDGE('',*,*,#1445,.T.);
#2108=ORIENTED_EDGE('',*,*,#1450,.T.);
#2109=ORIENTED_EDGE('',*,*,#1459,.T.);
#2110=ORIENTED_EDGE('',*,*,#1456,.T.);
#2111=ORIENTED_EDGE('',*,*,#1453,.T.);
#2112=ORIENTED_EDGE('',*,*,#1462,.T.);
#2113=ORIENTED_EDGE('',*,*,#1477,.F.);
#2114=ORIENTED_EDGE('',*,*,#1489,.T.);
#2115=ORIENTED_EDGE('',*,*,#1499,.T.);
#2116=ORIENTED_EDGE('',*,*,#1500,.T.);
#2117=ORIENTED_EDGE('',*,*,#1474,.F.);
#2118=ORIENTED_EDGE('',*,*,#1500,.F.);
#2119=ORIENTED_EDGE('',*,*,#1498,.F.);
#2120=ORIENTED_EDGE('',*,*,#1501,.F.);
#2121=ORIENTED_EDGE('',*,*,#1471,.F.);
#2122=ORIENTED_EDGE('',*,*,#1501,.T.);
#2123=ORIENTED_EDGE('',*,*,#1497,.T.);
#2124=ORIENTED_EDGE('',*,*,#1502,.T.);
#2125=ORIENTED_EDGE('',*,*,#1468,.F.);
#2126=ORIENTED_EDGE('',*,*,#1502,.F.);
#2127=ORIENTED_EDGE('',*,*,#1496,.F.);
#2128=ORIENTED_EDGE('',*,*,#1494,.F.);
#2129=CYLINDRICAL_SURFACE('',#2313,10.);
#2130=CYLINDRICAL_SURFACE('',#2321,10.);
#2131=CYLINDRICAL_SURFACE('',#2323,10.);
#2132=CYLINDRICAL_SURFACE('',#2327,10.);
#2133=CYLINDRICAL_SURFACE('',#2329,12.501);
#2134=CYLINDRICAL_SURFACE('',#2331,7.5);
#2135=CYLINDRICAL_SURFACE('',#2334,7.5);
#2136=CYLINDRICAL_SURFACE('',#2377,11.5112);
#2137=CYLINDRICAL_SURFACE('',#2379,12.);
#2138=CYLINDRICAL_SURFACE('',#2387,9.5012);
#2139=CYLINDRICAL_SURFACE('',#2394,11.5112);
#2140=CYLINDRICAL_SURFACE('',#2396,8.);
#2141=CYLINDRICAL_SURFACE('',#2404,9.5012);
#2142=CYLINDRICAL_SURFACE('',#2411,11.5112);
#2143=CYLINDRICAL_SURFACE('',#2418,9.5012);
#2144=CYLINDRICAL_SURFACE('',#2425,11.5112);
#2145=CYLINDRICAL_SURFACE('',#2427,8.);
#2146=CYLINDRICAL_SURFACE('',#2435,9.5012);
#2147=CYLINDRICAL_SURFACE('',#2445,41.2163735324878);
#2148=CYLINDRICAL_SURFACE('',#2462,12.501);
#2149=CYLINDRICAL_SURFACE('',#2464,18.2163735324878);
#2150=CYLINDRICAL_SURFACE('',#2468,25.);
#2151=CYLINDRICAL_SURFACE('',#2474,11.5112);
#2152=CYLINDRICAL_SURFACE('',#2479,11.5112);
#2153=CYLINDRICAL_SURFACE('',#2484,11.5112);
#2154=CYLINDRICAL_SURFACE('',#2489,11.5112);
#2155=CYLINDRICAL_SURFACE('',#2500,3.);
#2156=CYLINDRICAL_SURFACE('',#2506,3.);
#2157=CYLINDRICAL_SURFACE('',#2512,3.);
#2158=CYLINDRICAL_SURFACE('',#2518,3.);
#2159=CYLINDRICAL_SURFACE('',#2520,10.);
#2160=CYLINDRICAL_SURFACE('',#2523,10.);
#2161=CYLINDRICAL_SURFACE('',#2529,10.);
#2162=CYLINDRICAL_SURFACE('',#2531,10.);
#2163=ADVANCED_FACE('',(#180),#2129,.T.);
#2164=ADVANCED_FACE('',(#181),#109,.F.);
#2165=ADVANCED_FACE('',(#182,#68,#69,#70,#71,#72),#110,.T.);
#2166=ADVANCED_FACE('',(#183),#2130,.T.);
#2167=ADVANCED_FACE('',(#184),#2131,.T.);
#2168=ADVANCED_FACE('',(#185,#73),#111,.T.);
#2169=ADVANCED_FACE('',(#186),#2132,.T.);
#2170=ADVANCED_FACE('',(#187),#2133,.F.);
#2171=ADVANCED_FACE('',(#188),#2134,.F.);
#2172=ADVANCED_FACE('',(#189),#2135,.F.);
#2173=ADVANCED_FACE('',(#190),#112,.F.);
#2174=ADVANCED_FACE('',(#191),#113,.F.);
#2175=ADVANCED_FACE('',(#192),#114,.F.);
#2176=ADVANCED_FACE('',(#193),#115,.F.);
#2177=ADVANCED_FACE('',(#194),#116,.F.);
#2178=ADVANCED_FACE('',(#195),#117,.F.);
#2179=ADVANCED_FACE('',(#196),#118,.F.);
#2180=ADVANCED_FACE('',(#197),#119,.F.);
#2181=ADVANCED_FACE('',(#198),#120,.F.);
#2182=ADVANCED_FACE('',(#199),#121,.F.);
#2183=ADVANCED_FACE('',(#200),#122,.F.);
#2184=ADVANCED_FACE('',(#201),#123,.F.);
#2185=ADVANCED_FACE('',(#202),#124,.F.);
#2186=ADVANCED_FACE('',(#203),#125,.F.);
#2187=ADVANCED_FACE('',(#204),#126,.F.);
#2188=ADVANCED_FACE('',(#205),#127,.F.);
#2189=ADVANCED_FACE('',(#206),#128,.F.);
#2190=ADVANCED_FACE('',(#207),#129,.F.);
#2191=ADVANCED_FACE('',(#208),#130,.F.);
#2192=ADVANCED_FACE('',(#209),#131,.F.);
#2193=ADVANCED_FACE('',(#210),#132,.F.);
#2194=ADVANCED_FACE('',(#211),#133,.F.);
#2195=ADVANCED_FACE('',(#212),#51,.F.);
#2196=ADVANCED_FACE('',(#213),#52,.F.);
#2197=ADVANCED_FACE('',(#214),#53,.F.);
#2198=ADVANCED_FACE('',(#215),#54,.F.);
#2199=ADVANCED_FACE('',(#216,#74,#75),#134,.F.);
#2200=ADVANCED_FACE('',(#217,#76),#135,.F.);
#2201=ADVANCED_FACE('',(#218),#136,.F.);
#2202=ADVANCED_FACE('',(#219,#77,#78,#79),#137,.F.);
#2203=ADVANCED_FACE('',(#220,#80,#81,#82,#83),#138,.T.);
#2204=ADVANCED_FACE('',(#221,#84,#85),#139,.T.);
#2205=ADVANCED_FACE('',(#222),#140,.T.);
#2206=ADVANCED_FACE('',(#223,#86),#141,.T.);
#2207=ADVANCED_FACE('',(#224),#55,.F.);
#2208=ADVANCED_FACE('',(#225),#2136,.F.);
#2209=ADVANCED_FACE('',(#226),#2137,.T.);
#2210=ADVANCED_FACE('',(#227,#87),#142,.T.);
#2211=ADVANCED_FACE('',(#228),#143,.T.);
#2212=ADVANCED_FACE('',(#229),#56,.F.);
#2213=ADVANCED_FACE('',(#230),#2138,.F.);
#2214=ADVANCED_FACE('',(#231),#144,.T.);
#2215=ADVANCED_FACE('',(#232),#145,.T.);
#2216=ADVANCED_FACE('',(#233),#146,.T.);
#2217=ADVANCED_FACE('',(#234,#88),#147,.T.);
#2218=ADVANCED_FACE('',(#235),#57,.F.);
#2219=ADVANCED_FACE('',(#236),#2139,.F.);
#2220=ADVANCED_FACE('',(#237),#2140,.T.);
#2221=ADVANCED_FACE('',(#238,#89),#148,.T.);
#2222=ADVANCED_FACE('',(#239),#149,.T.);
#2223=ADVANCED_FACE('',(#240),#58,.F.);
#2224=ADVANCED_FACE('',(#241),#2141,.F.);
#2225=ADVANCED_FACE('',(#242),#150,.T.);
#2226=ADVANCED_FACE('',(#243),#151,.T.);
#2227=ADVANCED_FACE('',(#244),#152,.T.);
#2228=ADVANCED_FACE('',(#245,#90),#153,.T.);
#2229=ADVANCED_FACE('',(#246),#59,.F.);
#2230=ADVANCED_FACE('',(#247),#2142,.F.);
#2231=ADVANCED_FACE('',(#248),#20,.T.);
#2232=ADVANCED_FACE('',(#249,#91),#154,.T.);
#2233=ADVANCED_FACE('',(#250),#155,.T.);
#2234=ADVANCED_FACE('',(#251),#60,.F.);
#2235=ADVANCED_FACE('',(#252),#2143,.F.);
#2236=ADVANCED_FACE('',(#253),#156,.T.);
#2237=ADVANCED_FACE('',(#254),#157,.T.);
#2238=ADVANCED_FACE('',(#255),#158,.T.);
#2239=ADVANCED_FACE('',(#256,#92),#159,.T.);
#2240=ADVANCED_FACE('',(#257),#61,.F.);
#2241=ADVANCED_FACE('',(#258),#2144,.F.);
#2242=ADVANCED_FACE('',(#259),#2145,.T.);
#2243=ADVANCED_FACE('',(#260,#93),#160,.T.);
#2244=ADVANCED_FACE('',(#261),#161,.T.);
#2245=ADVANCED_FACE('',(#262),#62,.F.);
#2246=ADVANCED_FACE('',(#263),#2146,.F.);
#2247=ADVANCED_FACE('',(#264),#162,.T.);
#2248=ADVANCED_FACE('',(#265),#163,.T.);
#2249=ADVANCED_FACE('',(#266),#164,.T.);
#2250=ADVANCED_FACE('',(#267,#94),#165,.T.);
#2251=ADVANCED_FACE('',(#268),#13,.T.);
#2252=ADVANCED_FACE('',(#269),#2147,.T.);
#2253=ADVANCED_FACE('',(#270,#95),#166,.T.);
#2254=ADVANCED_FACE('',(#271),#14,.T.);
#2255=ADVANCED_FACE('',(#272),#63,.T.);
#2256=ADVANCED_FACE('',(#273),#15,.T.);
#2257=ADVANCED_FACE('',(#274,#96),#167,.T.);
#2258=ADVANCED_FACE('',(#275),#2148,.F.);
#2259=ADVANCED_FACE('',(#276),#2149,.T.);
#2260=ADVANCED_FACE('',(#277,#97),#168,.T.);
#2261=ADVANCED_FACE('',(#278),#2150,.T.);
#2262=ADVANCED_FACE('',(#279,#98),#169,.T.);
#2263=ADVANCED_FACE('',(#280),#64,.F.);
#2264=ADVANCED_FACE('',(#281),#2151,.F.);
#2265=ADVANCED_FACE('',(#282),#65,.F.);
#2266=ADVANCED_FACE('',(#283),#2152,.F.);
#2267=ADVANCED_FACE('',(#284),#66,.F.);
#2268=ADVANCED_FACE('',(#285),#2153,.F.);
#2269=ADVANCED_FACE('',(#286),#67,.F.);
#2270=ADVANCED_FACE('',(#287),#2154,.F.);
#2271=ADVANCED_FACE('',(#288),#170,.F.);
#2272=ADVANCED_FACE('',(#289),#171,.F.);
#2273=ADVANCED_FACE('',(#290),#172,.F.);
#2274=ADVANCED_FACE('',(#291),#173,.F.);
#2275=ADVANCED_FACE('',(#292),#16,.T.);
#2276=ADVANCED_FACE('',(#293),#2155,.T.);
#2277=ADVANCED_FACE('',(#294),#17,.T.);
#2278=ADVANCED_FACE('',(#295),#2156,.T.);
#2279=ADVANCED_FACE('',(#296),#18,.T.);
#2280=ADVANCED_FACE('',(#297),#2157,.T.);
#2281=ADVANCED_FACE('',(#298),#19,.T.);
#2282=ADVANCED_FACE('',(#299),#2158,.T.);
#2283=ADVANCED_FACE('',(#300),#174,.T.);
#2284=ADVANCED_FACE('',(#301),#2159,.T.);
#2285=ADVANCED_FACE('',(#302),#175,.T.);
#2286=ADVANCED_FACE('',(#303),#2160,.T.);
#2287=ADVANCED_FACE('',(#304,#99,#100,#101,#102,#103),#176,.T.);
#2288=ADVANCED_FACE('',(#305,#104,#105,#106,#107,#108),#177,.F.);
#2289=ADVANCED_FACE('',(#306),#2161,.T.);
#2290=ADVANCED_FACE('',(#307),#178,.T.);
#2291=ADVANCED_FACE('',(#308),#2162,.T.);
#2292=ADVANCED_FACE('',(#309),#179,.T.);
#2293=CLOSED_SHELL('',(#2163,#2164,#2165,#2166,#2167,#2168,#2169,#2170,
#2171,#2172,#2173,#2174,#2175,#2176,#2177,#2178,#2179,#2180,#2181,#2182,
#2183,#2184,#2185,#2186,#2187,#2188,#2189,#2190,#2191,#2192,#2193,#2194,
#2195,#2196,#2197,#2198,#2199,#2200,#2201,#2202,#2203,#2204,#2205,#2206));
#2294=CLOSED_SHELL('',(#2207,#2208,#2209,#2210,#2211,#2212,#2213,#2214,
#2215,#2216,#2217));
#2295=CLOSED_SHELL('',(#2218,#2219,#2220,#2221,#2222,#2223,#2224,#2225,
#2226,#2227,#2228));
#2296=CLOSED_SHELL('',(#2229,#2230,#2231,#2232,#2233,#2234,#2235,#2236,
#2237,#2238,#2239));
#2297=CLOSED_SHELL('',(#2240,#2241,#2242,#2243,#2244,#2245,#2246,#2247,
#2248,#2249,#2250));
#2298=CLOSED_SHELL('',(#2251,#2252,#2253,#2254,#2255,#2256,#2257,#2258,
#2259,#2260,#2261,#2262));
#2299=CLOSED_SHELL('',(#2263,#2264,#2265,#2266,#2267,#2268,#2269,#2270,
#2271,#2272,#2273,#2274,#2275,#2276,#2277,#2278,#2279,#2280,#2281,#2282,
#2283,#2284,#2285,#2286,#2287,#2288,#2289,#2290,#2291,#2292));
#2300=DERIVED_UNIT_ELEMENT(#2302,1.);
#2301=DERIVED_UNIT_ELEMENT(#4041,-3.);
#2302=(
MASS_UNIT()
NAMED_UNIT(*)
SI_UNIT(.KILO.,.GRAM.)
);
#2303=DERIVED_UNIT((#2300,#2301));
#2304=MEASURE_REPRESENTATION_ITEM('density measure',
POSITIVE_RATIO_MEASURE(7850.),#2303);
#2305=PROPERTY_DEFINITION_REPRESENTATION(#2310,#2307);
#2306=PROPERTY_DEFINITION_REPRESENTATION(#2311,#2308);
#2307=REPRESENTATION('material name',(#2309),#4038);
#2308=REPRESENTATION('density',(#2304),#4038);
#2309=DESCRIPTIVE_REPRESENTATION_ITEM('Steel','Steel');
#2310=PROPERTY_DEFINITION('material property','material name',#4048);
#2311=PROPERTY_DEFINITION('material property','density of part',#4048);
#2312=AXIS2_PLACEMENT_3D('',#3181,#2533,#2534);
#2313=AXIS2_PLACEMENT_3D('',#3182,#2535,#2536);
#2314=AXIS2_PLACEMENT_3D('',#3185,#2537,#2538);
#2315=AXIS2_PLACEMENT_3D('',#3189,#2540,#2541);
#2316=AXIS2_PLACEMENT_3D('',#3191,#2543,#2544);
#2317=AXIS2_PLACEMENT_3D('',#3195,#2546,#2547);
#2318=AXIS2_PLACEMENT_3D('',#3199,#2549,#2550);
#2319=AXIS2_PLACEMENT_3D('',#3203,#2552,#2553);
#2320=AXIS2_PLACEMENT_3D('',#3205,#2555,#2556);
#2321=AXIS2_PLACEMENT_3D('',#3249,#2579,#2580);
#2322=AXIS2_PLACEMENT_3D('',#3251,#2581,#2582);
#2323=AXIS2_PLACEMENT_3D('',#3253,#2584,#2585);
#2324=AXIS2_PLACEMENT_3D('',#3256,#2586,#2587);
#2325=AXIS2_PLACEMENT_3D('',#3259,#2590,#2591);
#2326=AXIS2_PLACEMENT_3D('',#3264,#2594,#2595);
#2327=AXIS2_PLACEMENT_3D('',#3265,#2596,#2597);
#2328=AXIS2_PLACEMENT_3D('',#3267,#2598,#2599);
#2329=AXIS2_PLACEMENT_3D('',#3269,#2601,#2602);
#2330=AXIS2_PLACEMENT_3D('',#3272,#2604,#2605);
#2331=AXIS2_PLACEMENT_3D('',#3273,#2606,#2607);
#2332=AXIS2_PLACEMENT_3D('',#3275,#2608,#2609);
#2333=AXIS2_PLACEMENT_3D('',#3278,#2611,#2612);
#2334=AXIS2_PLACEMENT_3D('',#3279,#2613,#2614);
#2335=AXIS2_PLACEMENT_3D('',#3281,#2615,#2616);
#2336=AXIS2_PLACEMENT_3D('',#3284,#2618,#2619);
#2337=AXIS2_PLACEMENT_3D('',#3285,#2620,#2621);
#2338=AXIS2_PLACEMENT_3D('',#3291,#2625,#2626);
#2339=AXIS2_PLACEMENT_3D('',#3295,#2629,#2630);
#2340=AXIS2_PLACEMENT_3D('',#3299,#2633,#2634);
#2341=AXIS2_PLACEMENT_3D('',#3301,#2636,#2637);
#2342=AXIS2_PLACEMENT_3D('',#3302,#2638,#2639);
#2343=AXIS2_PLACEMENT_3D('',#3308,#2643,#2644);
#2344=AXIS2_PLACEMENT_3D('',#3312,#2647,#2648);
#2345=AXIS2_PLACEMENT_3D('',#3316,#2651,#2652);
#2346=AXIS2_PLACEMENT_3D('',#3318,#2654,#2655);
#2347=AXIS2_PLACEMENT_3D('',#3319,#2656,#2657);
#2348=AXIS2_PLACEMENT_3D('',#3325,#2661,#2662);
#2349=AXIS2_PLACEMENT_3D('',#3329,#2665,#2666);
#2350=AXIS2_PLACEMENT_3D('',#3333,#2669,#2670);
#2351=AXIS2_PLACEMENT_3D('',#3335,#2672,#2673);
#2352=AXIS2_PLACEMENT_3D('',#3341,#2677,#2678);
#2353=AXIS2_PLACEMENT_3D('',#3345,#2681,#2682);
#2354=AXIS2_PLACEMENT_3D('',#3349,#2685,#2686);
#2355=AXIS2_PLACEMENT_3D('',#3351,#2688,#2689);
#2356=AXIS2_PLACEMENT_3D('',#3357,#2693,#2694);
#2357=AXIS2_PLACEMENT_3D('',#3361,#2697,#2698);
#2358=AXIS2_PLACEMENT_3D('',#3365,#2701,#2702);
#2359=AXIS2_PLACEMENT_3D('',#3367,#2704,#2705);
#2360=AXIS2_PLACEMENT_3D('',#3369,#2706,#2707);
#2361=AXIS2_PLACEMENT_3D('',#3372,#2709,#2710);
#2362=AXIS2_PLACEMENT_3D('',#3374,#2711,#2712);
#2363=AXIS2_PLACEMENT_3D('',#3377,#2714,#2715);
#2364=AXIS2_PLACEMENT_3D('',#3379,#2716,#2717);
#2365=AXIS2_PLACEMENT_3D('',#3382,#2719,#2720);
#2366=AXIS2_PLACEMENT_3D('',#3384,#2721,#2722);
#2367=AXIS2_PLACEMENT_3D('',#3387,#2724,#2725);
#2368=AXIS2_PLACEMENT_3D('',#3396,#2730,#2731);
#2369=AXIS2_PLACEMENT_3D('',#3402,#2735,#2736);
#2370=AXIS2_PLACEMENT_3D('',#3408,#2740,#2741);
#2371=AXIS2_PLACEMENT_3D('',#3411,#2744,#2745);
#2372=AXIS2_PLACEMENT_3D('',#3412,#2746,#2747);
#2373=AXIS2_PLACEMENT_3D('',#3414,#2749,#2750);
#2374=AXIS2_PLACEMENT_3D('',#3416,#2752,#2753);
#2375=AXIS2_PLACEMENT_3D('',#3417,#2754,#2755);
#2376=AXIS2_PLACEMENT_3D('',#3419,#2756,#2757);
#2377=AXIS2_PLACEMENT_3D('',#3464,#2759,#2760);
#2378=AXIS2_PLACEMENT_3D('',#3466,#2761,#2762);
#2379=AXIS2_PLACEMENT_3D('',#3468,#2764,#2765);
#2380=AXIS2_PLACEMENT_3D('',#3471,#2766,#2767);
#2381=AXIS2_PLACEMENT_3D('',#3475,#2769,#2770);
#2382=AXIS2_PLACEMENT_3D('',#3477,#2772,#2773);
#2383=AXIS2_PLACEMENT_3D('',#3486,#2778,#2779);
#2384=AXIS2_PLACEMENT_3D('',#3487,#2780,#2781);
#2385=AXIS2_PLACEMENT_3D('',#3491,#2784,#2785);
#2386=AXIS2_PLACEMENT_3D('',#3493,#2786,#2787);
#2387=AXIS2_PLACEMENT_3D('',#3495,#2789,#2790);
#2388=AXIS2_PLACEMENT_3D('',#3497,#2792,#2793);
#2389=AXIS2_PLACEMENT_3D('',#3501,#2796,#2797);
#2390=AXIS2_PLACEMENT_3D('',#3505,#2800,#2801);
#2391=AXIS2_PLACEMENT_3D('',#3507,#2803,#2804);
#2392=AXIS2_PLACEMENT_3D('',#3508,#2805,#2806);
#2393=AXIS2_PLACEMENT_3D('',#3510,#2807,#2808);
#2394=AXIS2_PLACEMENT_3D('',#3555,#2810,#2811);
#2395=AXIS2_PLACEMENT_3D('',#3557,#2812,#2813);
#2396=AXIS2_PLACEMENT_3D('',#3559,#2815,#2816);
#2397=AXIS2_PLACEMENT_3D('',#3562,#2817,#2818);
#2398=AXIS2_PLACEMENT_3D('',#3566,#2820,#2821);
#2399=AXIS2_PLACEMENT_3D('',#3568,#2823,#2824);
#2400=AXIS2_PLACEMENT_3D('',#3576,#2829,#2830);
#2401=AXIS2_PLACEMENT_3D('',#3580,#2833,#2834);
#2402=AXIS2_PLACEMENT_3D('',#3582,#2835,#2836);
#2403=AXIS2_PLACEMENT_3D('',#3585,#2838,#2839);
#2404=AXIS2_PLACEMENT_3D('',#3586,#2840,#2841);
#2405=AXIS2_PLACEMENT_3D('',#3588,#2843,#2844);
#2406=AXIS2_PLACEMENT_3D('',#3594,#2848,#2849);
#2407=AXIS2_PLACEMENT_3D('',#3596,#2851,#2852);
#2408=AXIS2_PLACEMENT_3D('',#3598,#2854,#2855);
#2409=AXIS2_PLACEMENT_3D('',#3599,#2856,#2857);
#2410=AXIS2_PLACEMENT_3D('',#3601,#2858,#2859);
#2411=AXIS2_PLACEMENT_3D('',#3646,#2861,#2862);
#2412=AXIS2_PLACEMENT_3D('',#3648,#2863,#2864);
#2413=AXIS2_PLACEMENT_3D('',#3716,#2866,#2867);
#2414=AXIS2_PLACEMENT_3D('',#3725,#2872,#2873);
#2415=AXIS2_PLACEMENT_3D('',#3726,#2874,#2875);
#2416=AXIS2_PLACEMENT_3D('',#3730,#2878,#2879);
#2417=AXIS2_PLACEMENT_3D('',#3732,#2880,#2881);
#2418=AXIS2_PLACEMENT_3D('',#3734,#2883,#2884);
#2419=AXIS2_PLACEMENT_3D('',#3736,#2886,#2887);
#2420=AXIS2_PLACEMENT_3D('',#3740,#2890,#2891);
#2421=AXIS2_PLACEMENT_3D('',#3744,#2894,#2895);
#2422=AXIS2_PLACEMENT_3D('',#3746,#2897,#2898);
#2423=AXIS2_PLACEMENT_3D('',#3747,#2899,#2900);
#2424=AXIS2_PLACEMENT_3D('',#3749,#2901,#2902);
#2425=AXIS2_PLACEMENT_3D('',#3794,#2904,#2905);
#2426=AXIS2_PLACEMENT_3D('',#3796,#2906,#2907);
#2427=AXIS2_PLACEMENT_3D('',#3798,#2909,#2910);
#2428=AXIS2_PLACEMENT_3D('',#3801,#2911,#2912);
#2429=AXIS2_PLACEMENT_3D('',#3805,#2914,#2915);
#2430=AXIS2_PLACEMENT_3D('',#3807,#2917,#2918);
#2431=AXIS2_PLACEMENT_3D('',#3815,#2923,#2924);
#2432=AXIS2_PLACEMENT_3D('',#3819,#2927,#2928);
#2433=AXIS2_PLACEMENT_3D('',#3821,#2929,#2930);
#2434=AXIS2_PLACEMENT_3D('',#3824,#2932,#2933);
#2435=AXIS2_PLACEMENT_3D('',#3825,#2934,#2935);
#2436=AXIS2_PLACEMENT_3D('',#3827,#2937,#2938);
#2437=AXIS2_PLACEMENT_3D('',#3833,#2942,#2943);
#2438=AXIS2_PLACEMENT_3D('',#3835,#2945,#2946);
#2439=AXIS2_PLACEMENT_3D('',#3837,#2948,#2949);
#2440=AXIS2_PLACEMENT_3D('',#3838,#2950,#2951);
#2441=AXIS2_PLACEMENT_3D('',#3840,#2952,#2953);
#2442=AXIS2_PLACEMENT_3D('',#3842,#2954,#2955);
#2443=AXIS2_PLACEMENT_3D('',#3844,#2956,#2957);
#2444=AXIS2_PLACEMENT_3D('',#3845,#2958,#2959);
#2445=AXIS2_PLACEMENT_3D('',#3846,#2960,#2961);
#2446=AXIS2_PLACEMENT_3D('',#3850,#2963,#2964);
#2447=AXIS2_PLACEMENT_3D('',#3851,#2965,#2966);
#2448=AXIS2_PLACEMENT_3D('',#3852,#2967,#2968);
#2449=AXIS2_PLACEMENT_3D('',#3854,#2969,#2970);
#2450=AXIS2_PLACEMENT_3D('',#3855,#2971,#2972);
#2451=AXIS2_PLACEMENT_3D('',#3857,#2973,#2974);
#2452=AXIS2_PLACEMENT_3D('',#3859,#2975,#2976);
#2453=AXIS2_PLACEMENT_3D('',#3860,#2977,#2978);
#2454=AXIS2_PLACEMENT_3D('',#3861,#2979,#2980);
#2455=AXIS2_PLACEMENT_3D('',#3865,#2982,#2983);
#2456=AXIS2_PLACEMENT_3D('',#3866,#2984,#2985);
#2457=AXIS2_PLACEMENT_3D('',#3867,#2986,#2987);
#2458=AXIS2_PLACEMENT_3D('',#3869,#2988,#2989);
#2459=AXIS2_PLACEMENT_3D('',#3870,#2990,#2991);
#2460=AXIS2_PLACEMENT_3D('',#3871,#2992,#2993);
#2461=AXIS2_PLACEMENT_3D('',#3873,#2994,#2995);
#2462=AXIS2_PLACEMENT_3D('',#3874,#2996,#2997);
#2463=AXIS2_PLACEMENT_3D('',#3877,#2999,#3000);
#2464=AXIS2_PLACEMENT_3D('',#3878,#3001,#3002);
#2465=AXIS2_PLACEMENT_3D('',#3880,#3003,#3004);
#2466=AXIS2_PLACEMENT_3D('',#3882,#3006,#3007);
#2467=AXIS2_PLACEMENT_3D('',#3884,#3008,#3009);
#2468=AXIS2_PLACEMENT_3D('',#3885,#3010,#3011);
#2469=AXIS2_PLACEMENT_3D('',#3887,#3012,#3013);
#2470=AXIS2_PLACEMENT_3D('',#3889,#3015,#3016);
#2471=AXIS2_PLACEMENT_3D('',#3890,#3017,#3018);
#2472=AXIS2_PLACEMENT_3D('',#3892,#3019,#3020);
#2473=AXIS2_PLACEMENT_3D('',#3895,#3022,#3023);
#2474=AXIS2_PLACEMENT_3D('',#3896,#3024,#3025);
#2475=AXIS2_PLACEMENT_3D('',#3899,#3027,#3028);
#2476=AXIS2_PLACEMENT_3D('',#3900,#3029,#3030);
#2477=AXIS2_PLACEMENT_3D('',#3902,#3031,#3032);
#2478=AXIS2_PLACEMENT_3D('',#3905,#3034,#3035);
#2479=AXIS2_PLACEMENT_3D('',#3906,#3036,#3037);
#2480=AXIS2_PLACEMENT_3D('',#3909,#3039,#3040);
#2481=AXIS2_PLACEMENT_3D('',#3910,#3041,#3042);
#2482=AXIS2_PLACEMENT_3D('',#3912,#3043,#3044);
#2483=AXIS2_PLACEMENT_3D('',#3915,#3046,#3047);
#2484=AXIS2_PLACEMENT_3D('',#3916,#3048,#3049);
#2485=AXIS2_PLACEMENT_3D('',#3919,#3051,#3052);
#2486=AXIS2_PLACEMENT_3D('',#3920,#3053,#3054);
#2487=AXIS2_PLACEMENT_3D('',#3922,#3055,#3056);
#2488=AXIS2_PLACEMENT_3D('',#3925,#3058,#3059);
#2489=AXIS2_PLACEMENT_3D('',#3926,#3060,#3061);
#2490=AXIS2_PLACEMENT_3D('',#3929,#3063,#3064);
#2491=AXIS2_PLACEMENT_3D('',#3930,#3065,#3066);
#2492=AXIS2_PLACEMENT_3D('',#3939,#3071,#3072);
#2493=AXIS2_PLACEMENT_3D('',#3945,#3076,#3077);
#2494=AXIS2_PLACEMENT_3D('',#3951,#3081,#3082);
#2495=AXIS2_PLACEMENT_3D('',#3954,#3085,#3086);
#2496=AXIS2_PLACEMENT_3D('',#3957,#3087,#3088);
#2497=AXIS2_PLACEMENT_3D('',#3959,#3089,#3090);
#2498=AXIS2_PLACEMENT_3D('',#3961,#3091,#3092);
#2499=AXIS2_PLACEMENT_3D('',#3962,#3093,#3094);
#2500=AXIS2_PLACEMENT_3D('',#3963,#3095,#3096);
#2501=AXIS2_PLACEMENT_3D('',#3966,#3097,#3098);
#2502=AXIS2_PLACEMENT_3D('',#3969,#3101,#3102);
#2503=AXIS2_PLACEMENT_3D('',#3972,#3103,#3104);
#2504=AXIS2_PLACEMENT_3D('',#3973,#3105,#3106);
#2505=AXIS2_PLACEMENT_3D('',#3974,#3107,#3108);
#2506=AXIS2_PLACEMENT_3D('',#3975,#3109,#3110);
#2507=AXIS2_PLACEMENT_3D('',#3978,#3111,#3112);
#2508=AXIS2_PLACEMENT_3D('',#3981,#3115,#3116);
#2509=AXIS2_PLACEMENT_3D('',#3984,#3117,#3118);
#2510=AXIS2_PLACEMENT_3D('',#3985,#3119,#3120);
#2511=AXIS2_PLACEMENT_3D('',#3986,#3121,#3122);
#2512=AXIS2_PLACEMENT_3D('',#3987,#3123,#3124);
#2513=AXIS2_PLACEMENT_3D('',#3990,#3125,#3126);
#2514=AXIS2_PLACEMENT_3D('',#3993,#3129,#3130);
#2515=AXIS2_PLACEMENT_3D('',#3996,#3131,#3132);
#2516=AXIS2_PLACEMENT_3D('',#3997,#3133,#3134);
#2517=AXIS2_PLACEMENT_3D('',#3998,#3135,#3136);
#2518=AXIS2_PLACEMENT_3D('',#3999,#3137,#3138);
#2519=AXIS2_PLACEMENT_3D('',#4002,#3141,#3142);
#2520=AXIS2_PLACEMENT_3D('',#4008,#3146,#3147);
#2521=AXIS2_PLACEMENT_3D('',#4011,#3149,#3150);
#2522=AXIS2_PLACEMENT_3D('',#4012,#3151,#3152);
#2523=AXIS2_PLACEMENT_3D('',#4016,#3155,#3156);
#2524=AXIS2_PLACEMENT_3D('',#4019,#3158,#3159);
#2525=AXIS2_PLACEMENT_3D('',#4020,#3160,#3161);
#2526=AXIS2_PLACEMENT_3D('',#4021,#3162,#3163);
#2527=AXIS2_PLACEMENT_3D('',#4025,#3165,#3166);
#2528=AXIS2_PLACEMENT_3D('',#4028,#3168,#3169);
#2529=AXIS2_PLACEMENT_3D('',#4029,#3170,#3171);
#2530=AXIS2_PLACEMENT_3D('',#4031,#3173,#3174);
#2531=AXIS2_PLACEMENT_3D('',#4033,#3176,#3177);
#2532=AXIS2_PLACEMENT_3D('',#4035,#3179,#3180);
#2533=DIRECTION('axis',(0.,0.,1.));
#2534=DIRECTION('refdir',(1.,0.,0.));
#2535=DIRECTION('center_axis',(0.,0.,1.));
#2536=DIRECTION('ref_axis',(0.707106781186547,0.707106781186547,0.));
#2537=DIRECTION('center_axis',(0.,0.,-1.));
#2538=DIRECTION('ref_axis',(0.707106781186547,0.707106781186547,0.));
#2539=DIRECTION('',(0.,0.,-1.));
#2540=DIRECTION('center_axis',(0.,0.,1.));
#2541=DIRECTION('ref_axis',(0.707106781186547,0.707106781186547,0.));
#2542=DIRECTION('',(0.,0.,1.));
#2543=DIRECTION('center_axis',(0.,0.,1.));
#2544=DIRECTION('ref_axis',(1.,0.,0.));
#2545=DIRECTION('',(0.,1.,0.));
#2546=DIRECTION('center_axis',(0.,0.,1.));
#2547=DIRECTION('ref_axis',(0.707106781186547,-0.707106781186547,0.));
#2548=DIRECTION('',(1.,0.,0.));
#2549=DIRECTION('center_axis',(0.,0.,1.));
#2550=DIRECTION('ref_axis',(-0.707106781186547,-0.707106781186547,0.));
#2551=DIRECTION('',(0.,-1.,0.));
#2552=DIRECTION('center_axis',(0.,0.,1.));
#2553=DIRECTION('ref_axis',(-0.707106781186547,0.707106781186547,0.));
#2554=DIRECTION('',(-1.,0.,0.));
#2555=DIRECTION('center_axis',(1.,0.,0.));
#2556=DIRECTION('ref_axis',(0.,1.,0.));
#2557=DIRECTION('',(0.,1.,0.));
#2558=DIRECTION('',(0.,0.,1.));
#2559=DIRECTION('',(0.,0.,1.));
#2560=DIRECTION('',(0.,1.,0.));
#2561=DIRECTION('',(0.,0.,-1.));
#2562=DIRECTION('',(0.,-1.,0.));
#2563=DIRECTION('',(0.,0.,1.));
#2564=DIRECTION('',(0.,1.,0.));
#2565=DIRECTION('',(0.,0.,-1.));
#2566=DIRECTION('',(0.,-1.,0.));
#2567=DIRECTION('',(0.,0.,1.));
#2568=DIRECTION('',(0.,1.,0.));
#2569=DIRECTION('',(0.,0.,-1.));
#2570=DIRECTION('',(0.,-1.,0.));
#2571=DIRECTION('',(0.,0.,-1.));
#2572=DIRECTION('',(0.,-1.,0.));
#2573=DIRECTION('',(0.,-1.77635683940025E-15,1.));
#2574=DIRECTION('',(0.,1.,0.));
#2575=DIRECTION('',(0.,0.,-1.));
#2576=DIRECTION('',(0.,-1.,0.));
#2577=DIRECTION('',(0.,0.,1.));
#2578=DIRECTION('',(0.,1.,0.));
#2579=DIRECTION('center_axis',(0.,0.,1.));
#2580=DIRECTION('ref_axis',(0.707106781186547,-0.707106781186547,0.));
#2581=DIRECTION('center_axis',(0.,0.,-1.));
#2582=DIRECTION('ref_axis',(0.707106781186547,-0.707106781186547,0.));
#2583=DIRECTION('',(0.,0.,-1.));
#2584=DIRECTION('center_axis',(0.,0.,1.));
#2585=DIRECTION('ref_axis',(-0.707106781186547,0.707106781186547,0.));
#2586=DIRECTION('center_axis',(0.,0.,-1.));
#2587=DIRECTION('ref_axis',(-0.707106781186547,0.707106781186547,0.));
#2588=DIRECTION('',(0.,0.,-1.));
#2589=DIRECTION('',(0.,0.,1.));
#2590=DIRECTION('center_axis',(-1.,0.,0.));
#2591=DIRECTION('ref_axis',(0.,-1.,0.));
#2592=DIRECTION('',(0.,0.,-1.));
#2593=DIRECTION('',(0.,-1.,0.));
#2594=DIRECTION('center_axis',(1.,0.,0.));
#2595=DIRECTION('ref_axis',(0.,-1.,0.));
#2596=DIRECTION('center_axis',(0.,0.,1.));
#2597=DIRECTION('ref_axis',(-0.707106781186547,-0.707106781186547,0.));
#2598=DIRECTION('center_axis',(0.,0.,-1.));
#2599=DIRECTION('ref_axis',(-0.707106781186547,-0.707106781186547,0.));
#2600=DIRECTION('',(0.,0.,1.));
#2601=DIRECTION('center_axis',(1.,0.,0.));
#2602=DIRECTION('ref_axis',(0.,-1.,0.));
#2603=DIRECTION('',(1.,0.,0.));
#2604=DIRECTION('center_axis',(-1.,0.,0.));
#2605=DIRECTION('ref_axis',(0.,-1.,0.));
#2606=DIRECTION('center_axis',(0.,-1.,0.));
#2607=DIRECTION('ref_axis',(1.,0.,0.));
#2608=DIRECTION('center_axis',(0.,-1.,0.));
#2609=DIRECTION('ref_axis',(1.,0.,0.));
#2610=DIRECTION('',(0.,-1.,0.));
#2611=DIRECTION('center_axis',(0.,1.,0.));
#2612=DIRECTION('ref_axis',(1.,0.,0.));
#2613=DIRECTION('center_axis',(0.,-1.,0.));
#2614=DIRECTION('ref_axis',(1.,0.,0.));
#2615=DIRECTION('center_axis',(0.,-1.,0.));
#2616=DIRECTION('ref_axis',(1.,0.,0.));
#2617=DIRECTION('',(0.,-1.,0.));
#2618=DIRECTION('center_axis',(0.,1.,0.));
#2619=DIRECTION('ref_axis',(1.,0.,0.));
#2620=DIRECTION('center_axis',(0.,1.,0.));
#2621=DIRECTION('ref_axis',(0.,0.,1.));
#2622=DIRECTION('',(1.,0.,0.));
#2623=DIRECTION('',(0.,0.,-1.));
#2624=DIRECTION('',(1.,0.,0.));
#2625=DIRECTION('center_axis',(0.,0.,-1.));
#2626=DIRECTION('ref_axis',(0.,1.,0.));
#2627=DIRECTION('',(0.,-1.,0.));
#2628=DIRECTION('',(-1.,0.,0.));
#2629=DIRECTION('center_axis',(-1.,0.,0.));
#2630=DIRECTION('ref_axis',(0.,0.,1.));
#2631=DIRECTION('',(0.,1.,0.));
#2632=DIRECTION('',(0.,0.,1.));
#2633=DIRECTION('center_axis',(0.,-1.,0.));
#2634=DIRECTION('ref_axis',(0.,0.,-1.));
#2635=DIRECTION('',(1.,0.,0.));
#2636=DIRECTION('center_axis',(0.,0.,1.));
#2637=DIRECTION('ref_axis',(0.,-1.,0.));
#2638=DIRECTION('center_axis',(0.,1.,0.));
#2639=DIRECTION('ref_axis',(0.,0.,1.));
#2640=DIRECTION('',(1.,0.,0.));
#2641=DIRECTION('',(0.,0.,-1.));
#2642=DIRECTION('',(1.,0.,0.));
#2643=DIRECTION('center_axis',(0.,0.,-1.));
#2644=DIRECTION('ref_axis',(0.,1.,0.));
#2645=DIRECTION('',(0.,-1.,0.));
#2646=DIRECTION('',(-1.,0.,0.));
#2647=DIRECTION('center_axis',(-1.,0.,0.));
#2648=DIRECTION('ref_axis',(0.,0.,1.));
#2649=DIRECTION('',(0.,1.,0.));
#2650=DIRECTION('',(0.,0.,1.));
#2651=DIRECTION('center_axis',(0.,-1.,0.));
#2652=DIRECTION('ref_axis',(0.,0.,-1.));
#2653=DIRECTION('',(1.,0.,0.));
#2654=DIRECTION('center_axis',(0.,0.,1.));
#2655=DIRECTION('ref_axis',(0.,-1.,0.));
#2656=DIRECTION('center_axis',(0.,1.,0.));
#2657=DIRECTION('ref_axis',(0.,0.,1.));
#2658=DIRECTION('',(1.,0.,0.));
#2659=DIRECTION('',(0.,0.,1.));
#2660=DIRECTION('',(1.,0.,0.));
#2661=DIRECTION('center_axis',(0.,0.,-1.));
#2662=DIRECTION('ref_axis',(0.,1.,0.));
#2663=DIRECTION('',(0.,1.,0.));
#2664=DIRECTION('',(-1.,0.,0.));
#2665=DIRECTION('center_axis',(0.,-1.,0.));
#2666=DIRECTION('ref_axis',(0.,0.,-1.));
#2667=DIRECTION('',(0.,0.,-1.));
#2668=DIRECTION('',(1.,0.,0.));
#2669=DIRECTION('center_axis',(0.,0.,1.));
#2670=DIRECTION('ref_axis',(0.,-1.,0.));
#2671=DIRECTION('',(0.,-1.,0.));
#2672=DIRECTION('center_axis',(0.,-1.,-1.77635683940025E-15));
#2673=DIRECTION('ref_axis',(0.,1.77635683940025E-15,-1.));
#2674=DIRECTION('',(1.,0.,0.));
#2675=DIRECTION('',(0.,1.77635683940025E-15,-1.));
#2676=DIRECTION('',(1.,0.,0.));
#2677=DIRECTION('center_axis',(0.,0.,1.));
#2678=DIRECTION('ref_axis',(0.,-1.,0.));
#2679=DIRECTION('',(0.,-1.,0.));
#2680=DIRECTION('',(-1.,0.,0.));
#2681=DIRECTION('center_axis',(0.,1.,0.));
#2682=DIRECTION('ref_axis',(0.,0.,1.));
#2683=DIRECTION('',(0.,0.,1.));
#2684=DIRECTION('',(1.,0.,0.));
#2685=DIRECTION('center_axis',(0.,0.,-1.));
#2686=DIRECTION('ref_axis',(0.,1.,0.));
#2687=DIRECTION('',(0.,1.,0.));
#2688=DIRECTION('center_axis',(0.,-1.,0.));
#2689=DIRECTION('ref_axis',(0.,0.,-1.));
#2690=DIRECTION('',(1.,0.,0.));
#2691=DIRECTION('',(0.,0.,-1.));
#2692=DIRECTION('',(1.,0.,0.));
#2693=DIRECTION('center_axis',(0.,0.,1.));
#2694=DIRECTION('ref_axis',(0.,-1.,0.));
#2695=DIRECTION('',(0.,-1.,0.));
#2696=DIRECTION('',(-1.,0.,0.));
#2697=DIRECTION('center_axis',(0.,1.,0.));
#2698=DIRECTION('ref_axis',(0.,0.,1.));
#2699=DIRECTION('',(0.,0.,1.));
#2700=DIRECTION('',(1.,0.,0.));
#2701=DIRECTION('center_axis',(0.,0.,-1.));
#2702=DIRECTION('ref_axis',(0.,1.,0.));
#2703=DIRECTION('',(0.,1.,0.));
#2704=DIRECTION('center_axis',(0.,0.,1.));
#2705=DIRECTION('ref_axis',(1.,0.,0.));
#2706=DIRECTION('center_axis',(0.,0.,-1.));
#2707=DIRECTION('ref_axis',(1.,0.,0.));
#2708=DIRECTION('',(0.857167300702112,-1.04972719113862E-16,-0.515038074910054));
#2709=DIRECTION('center_axis',(0.,0.,1.));
#2710=DIRECTION('ref_axis',(1.,0.,0.));
#2711=DIRECTION('center_axis',(0.,0.,-1.));
#2712=DIRECTION('ref_axis',(1.,0.,0.));
#2713=DIRECTION('',(0.857167300702112,-1.04972719113862E-16,-0.515038074910054));
#2714=DIRECTION('center_axis',(0.,0.,1.));
#2715=DIRECTION('ref_axis',(1.,0.,0.));
#2716=DIRECTION('center_axis',(0.,0.,-1.));
#2717=DIRECTION('ref_axis',(1.,0.,0.));
#2718=DIRECTION('',(0.857167300702112,-1.04972719113862E-16,-0.515038074910054));
#2719=DIRECTION('center_axis',(0.,0.,1.));
#2720=DIRECTION('ref_axis',(1.,0.,0.));
#2721=DIRECTION('center_axis',(0.,0.,-1.));
#2722=DIRECTION('ref_axis',(1.,0.,0.));
#2723=DIRECTION('',(0.857167300702112,-1.04972719113862E-16,-0.515038074910054));
#2724=DIRECTION('center_axis',(0.,-1.,0.));
#2725=DIRECTION('ref_axis',(1.,0.,0.));
#2726=DIRECTION('',(-1.,0.,0.));
#2727=DIRECTION('',(0.,0.,-1.));
#2728=DIRECTION('',(-1.,0.,0.));
#2729=DIRECTION('',(0.,0.,1.));
#2730=DIRECTION('center_axis',(-1.,0.,0.));
#2731=DIRECTION('ref_axis',(0.,-1.,0.));
#2732=DIRECTION('',(0.,1.,0.));
#2733=DIRECTION('',(0.,0.,-1.));
#2734=DIRECTION('',(0.,1.,0.));
#2735=DIRECTION('center_axis',(0.,1.,0.));
#2736=DIRECTION('ref_axis',(-1.,0.,0.));
#2737=DIRECTION('',(1.,0.,0.));
#2738=DIRECTION('',(0.,0.,-1.));
#2739=DIRECTION('',(1.,0.,0.));
#2740=DIRECTION('center_axis',(1.,0.,0.));
#2741=DIRECTION('ref_axis',(0.,1.,0.));
#2742=DIRECTION('',(0.,-1.,0.));
#2743=DIRECTION('',(0.,-1.,0.));
#2744=DIRECTION('center_axis',(0.,0.,1.));
#2745=DIRECTION('ref_axis',(1.,0.,0.));
#2746=DIRECTION('center_axis',(0.,-1.,0.));
#2747=DIRECTION('ref_axis',(1.,0.,0.));
#2748=DIRECTION('',(1.,0.,0.));
#2749=DIRECTION('center_axis',(0.,1.,0.));
#2750=DIRECTION('ref_axis',(-1.,0.,0.));
#2751=DIRECTION('',(-1.,0.,0.));
#2752=DIRECTION('center_axis',(0.,0.,1.));
#2753=DIRECTION('ref_axis',(1.,0.,0.));
#2754=DIRECTION('center_axis',(0.,0.,1.));
#2755=DIRECTION('ref_axis',(1.,0.,0.));
#2756=DIRECTION('center_axis',(0.,0.,-1.));
#2757=DIRECTION('ref_axis',(1.,0.,0.));
#2758=DIRECTION('',(0.857167300702112,-1.04972719113862E-16,-0.515038074910054));
#2759=DIRECTION('center_axis',(0.,0.,-1.));
#2760=DIRECTION('ref_axis',(1.,0.,0.));
#2761=DIRECTION('center_axis',(0.,0.,-1.));
#2762=DIRECTION('ref_axis',(1.,0.,0.));
#2763=DIRECTION('',(0.,0.,-1.));
#2764=DIRECTION('center_axis',(0.,0.,-1.));
#2765=DIRECTION('ref_axis',(0.707106781186547,-0.707106781186548,0.));
#2766=DIRECTION('center_axis',(0.,0.,1.));
#2767=DIRECTION('ref_axis',(0.707106781186547,-0.707106781186548,0.));
#2768=DIRECTION('',(0.,0.,1.));
#2769=DIRECTION('center_axis',(0.,0.,-1.));
#2770=DIRECTION('ref_axis',(0.707106781186547,-0.707106781186548,0.));
#2771=DIRECTION('',(0.,0.,-1.));
#2772=DIRECTION('center_axis',(0.,0.,-1.));
#2773=DIRECTION('ref_axis',(-1.,0.,0.));
#2774=DIRECTION('',(-1.,0.,0.));
#2775=DIRECTION('',(0.,1.,0.));
#2776=DIRECTION('',(1.,0.,0.));
#2777=DIRECTION('',(0.,-1.,0.));
#2778=DIRECTION('center_axis',(0.,0.,1.));
#2779=DIRECTION('ref_axis',(1.,0.,0.));
#2780=DIRECTION('center_axis',(0.,-1.,0.));
#2781=DIRECTION('ref_axis',(-1.,0.,0.));
#2782=DIRECTION('',(-1.,0.,0.));
#2783=DIRECTION('',(0.,0.,-1.));
#2784=DIRECTION('center_axis',(0.,0.,1.));
#2785=DIRECTION('ref_axis',(1.,0.,0.));
#2786=DIRECTION('center_axis',(0.,0.,-1.));
#2787=DIRECTION('ref_axis',(1.,0.,0.));
#2788=DIRECTION('',(0.857167300702112,-1.04972719113862E-16,-0.515038074910054));
#2789=DIRECTION('center_axis',(0.,0.,-1.));
#2790=DIRECTION('ref_axis',(1.,0.,0.));
#2791=DIRECTION('',(0.,0.,-1.));
#2792=DIRECTION('center_axis',(1.,0.,0.));
#2793=DIRECTION('ref_axis',(0.,-1.,0.));
#2794=DIRECTION('',(0.,0.,-1.));
#2795=DIRECTION('',(0.,-1.,0.));
#2796=DIRECTION('center_axis',(0.,1.,0.));
#2797=DIRECTION('ref_axis',(1.,0.,0.));
#2798=DIRECTION('',(1.,0.,0.));
#2799=DIRECTION('',(0.,0.,-1.));
#2800=DIRECTION('center_axis',(-1.,0.,0.));
#2801=DIRECTION('ref_axis',(0.,1.,0.));
#2802=DIRECTION('',(0.,1.,0.));
#2803=DIRECTION('center_axis',(0.,0.,1.));
#2804=DIRECTION('ref_axis',(-1.,0.,0.));
#2805=DIRECTION('center_axis',(0.,0.,1.));
#2806=DIRECTION('ref_axis',(1.,0.,0.));
#2807=DIRECTION('center_axis',(0.,0.,-1.));
#2808=DIRECTION('ref_axis',(1.,0.,0.));
#2809=DIRECTION('',(0.857167300702112,-1.04972719113862E-16,-0.515038074910054));
#2810=DIRECTION('center_axis',(0.,0.,-1.));
#2811=DIRECTION('ref_axis',(1.,0.,0.));
#2812=DIRECTION('center_axis',(0.,0.,-1.));
#2813=DIRECTION('ref_axis',(1.,0.,0.));
#2814=DIRECTION('',(0.,0.,-1.));
#2815=DIRECTION('center_axis',(0.,0.,-1.));
#2816=DIRECTION('ref_axis',(-0.707106781186548,-0.707106781186548,0.));
#2817=DIRECTION('center_axis',(0.,0.,1.));
#2818=DIRECTION('ref_axis',(-0.707106781186548,-0.707106781186548,0.));
#2819=DIRECTION('',(0.,0.,1.));
#2820=DIRECTION('center_axis',(0.,0.,-1.));
#2821=DIRECTION('ref_axis',(-0.707106781186548,-0.707106781186548,0.));
#2822=DIRECTION('',(0.,0.,-1.));
#2823=DIRECTION('center_axis',(0.,0.,1.));
#2824=DIRECTION('ref_axis',(-1.,0.,0.));
#2825=DIRECTION('',(1.,0.,0.));
#2826=DIRECTION('',(0.,1.,0.));
#2827=DIRECTION('',(-1.,0.,0.));
#2828=DIRECTION('',(0.,-1.,0.));
#2829=DIRECTION('center_axis',(0.,-1.,0.));
#2830=DIRECTION('ref_axis',(-1.,0.,0.));
#2831=DIRECTION('',(-1.,0.,0.));
#2832=DIRECTION('',(0.,0.,-1.));
#2833=DIRECTION('center_axis',(0.,0.,1.));
#2834=DIRECTION('ref_axis',(1.,0.,0.));
#2835=DIRECTION('center_axis',(0.,0.,-1.));
#2836=DIRECTION('ref_axis',(1.,0.,0.));
#2837=DIRECTION('',(0.857167300702112,-1.04972719113862E-16,-0.515038074910054));
#2838=DIRECTION('center_axis',(0.,0.,1.));
#2839=DIRECTION('ref_axis',(1.,0.,0.));
#2840=DIRECTION('center_axis',(0.,0.,-1.));
#2841=DIRECTION('ref_axis',(1.,0.,0.));
#2842=DIRECTION('',(0.,0.,-1.));
#2843=DIRECTION('center_axis',(0.,1.,0.));
#2844=DIRECTION('ref_axis',(1.,0.,0.));
#2845=DIRECTION('',(0.,0.,-1.));
#2846=DIRECTION('',(1.,0.,0.));
#2847=DIRECTION('',(0.,0.,-1.));
#2848=DIRECTION('center_axis',(-1.,0.,0.));
#2849=DIRECTION('ref_axis',(0.,1.,0.));
#2850=DIRECTION('',(0.,1.,0.));
#2851=DIRECTION('center_axis',(1.,0.,0.));
#2852=DIRECTION('ref_axis',(0.,-1.,0.));
#2853=DIRECTION('',(0.,-1.,0.));
#2854=DIRECTION('center_axis',(0.,0.,-1.));
#2855=DIRECTION('ref_axis',(-1.,0.,0.));
#2856=DIRECTION('center_axis',(0.,0.,1.));
#2857=DIRECTION('ref_axis',(1.,0.,0.));
#2858=DIRECTION('center_axis',(0.,0.,-1.));
#2859=DIRECTION('ref_axis',(1.,0.,0.));
#2860=DIRECTION('',(0.857167300702112,-1.04972719113862E-16,-0.515038074910054));
#2861=DIRECTION('center_axis',(0.,0.,-1.));
#2862=DIRECTION('ref_axis',(1.,0.,0.));
#2863=DIRECTION('center_axis',(0.,0.,-1.));
#2864=DIRECTION('ref_axis',(1.,0.,0.));
#2865=DIRECTION('',(0.,0.,-1.));
#2866=DIRECTION('center_axis',(0.,0.,-1.));
#2867=DIRECTION('ref_axis',(-1.,0.,0.));
#2868=DIRECTION('',(1.,0.,0.));
#2869=DIRECTION('',(0.,-1.,0.));
#2870=DIRECTION('',(-1.,0.,0.));
#2871=DIRECTION('',(0.,1.,0.));
#2872=DIRECTION('center_axis',(0.,0.,1.));
#2873=DIRECTION('ref_axis',(1.,0.,0.));
#2874=DIRECTION('center_axis',(0.,1.,0.));
#2875=DIRECTION('ref_axis',(1.,0.,0.));
#2876=DIRECTION('',(1.,0.,0.));
#2877=DIRECTION('',(0.,0.,-1.));
#2878=DIRECTION('center_axis',(0.,0.,1.));
#2879=DIRECTION('ref_axis',(1.,0.,0.));
#2880=DIRECTION('center_axis',(0.,0.,-1.));
#2881=DIRECTION('ref_axis',(1.,0.,0.));
#2882=DIRECTION('',(0.857167300702112,-1.04972719113862E-16,-0.515038074910054));
#2883=DIRECTION('center_axis',(0.,0.,-1.));
#2884=DIRECTION('ref_axis',(1.,0.,0.));
#2885=DIRECTION('',(0.,0.,-1.));
#2886=DIRECTION('center_axis',(-1.,0.,0.));
#2887=DIRECTION('ref_axis',(0.,1.,0.));
#2888=DIRECTION('',(0.,0.,-1.));
#2889=DIRECTION('',(0.,1.,0.));
#2890=DIRECTION('center_axis',(0.,-1.,0.));
#2891=DIRECTION('ref_axis',(-1.,0.,0.));
#2892=DIRECTION('',(-1.,0.,0.));
#2893=DIRECTION('',(0.,0.,-1.));
#2894=DIRECTION('center_axis',(1.,0.,0.));
#2895=DIRECTION('ref_axis',(0.,-1.,0.));
#2896=DIRECTION('',(0.,-1.,0.));
#2897=DIRECTION('center_axis',(0.,0.,1.));
#2898=DIRECTION('ref_axis',(-1.,0.,0.));
#2899=DIRECTION('center_axis',(0.,0.,1.));
#2900=DIRECTION('ref_axis',(1.,0.,0.));
#2901=DIRECTION('center_axis',(0.,0.,-1.));
#2902=DIRECTION('ref_axis',(1.,0.,0.));
#2903=DIRECTION('',(0.857167300702112,-1.04972719113862E-16,-0.515038074910054));
#2904=DIRECTION('center_axis',(0.,0.,-1.));
#2905=DIRECTION('ref_axis',(1.,0.,0.));
#2906=DIRECTION('center_axis',(0.,0.,-1.));
#2907=DIRECTION('ref_axis',(1.,0.,0.));
#2908=DIRECTION('',(0.,0.,-1.));
#2909=DIRECTION('center_axis',(0.,0.,-1.));
#2910=DIRECTION('ref_axis',(0.707106781186548,0.707106781186548,0.));
#2911=DIRECTION('center_axis',(0.,0.,1.));
#2912=DIRECTION('ref_axis',(0.707106781186548,0.707106781186548,0.));
#2913=DIRECTION('',(0.,0.,1.));
#2914=DIRECTION('center_axis',(0.,0.,-1.));
#2915=DIRECTION('ref_axis',(0.707106781186548,0.707106781186548,0.));
#2916=DIRECTION('',(0.,0.,-1.));
#2917=DIRECTION('center_axis',(0.,0.,1.));
#2918=DIRECTION('ref_axis',(-1.,0.,0.));
#2919=DIRECTION('',(-1.,0.,0.));
#2920=DIRECTION('',(0.,-1.,0.));
#2921=DIRECTION('',(1.,0.,0.));
#2922=DIRECTION('',(0.,1.,0.));
#2923=DIRECTION('center_axis',(0.,1.,0.));
#2924=DIRECTION('ref_axis',(1.,0.,0.));
#2925=DIRECTION('',(1.,0.,0.));
#2926=DIRECTION('',(0.,0.,-1.));
#2927=DIRECTION('center_axis',(0.,0.,1.));
#2928=DIRECTION('ref_axis',(1.,0.,0.));
#2929=DIRECTION('center_axis',(0.,0.,-1.));
#2930=DIRECTION('ref_axis',(1.,0.,0.));
#2931=DIRECTION('',(0.857167300702112,-1.04972719113862E-16,-0.515038074910054));
#2932=DIRECTION('center_axis',(0.,0.,1.));
#2933=DIRECTION('ref_axis',(1.,0.,0.));
#2934=DIRECTION('center_axis',(0.,0.,-1.));
#2935=DIRECTION('ref_axis',(1.,0.,0.));
#2936=DIRECTION('',(0.,0.,-1.));
#2937=DIRECTION('center_axis',(0.,-1.,0.));
#2938=DIRECTION('ref_axis',(-1.,0.,0.));
#2939=DIRECTION('',(0.,0.,-1.));
#2940=DIRECTION('',(-1.,0.,0.));
#2941=DIRECTION('',(0.,0.,-1.));
#2942=DIRECTION('center_axis',(1.,0.,0.));
#2943=DIRECTION('ref_axis',(0.,-1.,0.));
#2944=DIRECTION('',(0.,-1.,0.));
#2945=DIRECTION('center_axis',(-1.,0.,0.));
#2946=DIRECTION('ref_axis',(0.,1.,0.));
#2947=DIRECTION('',(0.,1.,0.));
#2948=DIRECTION('center_axis',(0.,0.,-1.));
#2949=DIRECTION('ref_axis',(-1.,0.,0.));
#2950=DIRECTION('center_axis',(1.,-6.12323399573677E-17,2.22044604925031E-16));
#2951=DIRECTION('ref_axis',(0.,0.,-1.));
#2952=DIRECTION('center_axis',(-1.,6.12323399573677E-17,-2.22044604925031E-16));
#2953=DIRECTION('ref_axis',(-6.12323399573677E-17,-1.,6.12323399573676E-17));
#2954=DIRECTION('center_axis',(-6.12323399573676E-17,-1.,-1.21214051179811E-16));
#2955=DIRECTION('ref_axis',(0.,-1.21214051179811E-16,1.));
#2956=DIRECTION('center_axis',(1.,-6.12323399573677E-17,2.22044604925031E-16));
#2957=DIRECTION('ref_axis',(-6.73411395443397E-17,-1.,6.12323399573676E-17));
#2958=DIRECTION('center_axis',(1.,-6.12323399573677E-17,2.22044604925031E-16));
#2959=DIRECTION('ref_axis',(-6.73411395443397E-17,-1.,6.12323399573676E-17));
#2960=DIRECTION('center_axis',(1.,-6.12323399573677E-17,2.22044604925031E-16));
#2961=DIRECTION('ref_axis',(0.,1.,0.));
#2962=DIRECTION('',(-1.,6.12323399573677E-17,-2.22044604925031E-16));
#2963=DIRECTION('center_axis',(-1.,6.12323399573677E-17,-2.22044604925031E-16));
#2964=DIRECTION('ref_axis',(-6.06070255899058E-17,-1.,6.12323399573676E-17));
#2965=DIRECTION('center_axis',(-1.,6.12323399573677E-17,-2.22044604925031E-16));
#2966=DIRECTION('ref_axis',(-6.06070255899058E-17,-1.,6.12323399573676E-17));
#2967=DIRECTION('center_axis',(1.,-6.12323399573677E-17,2.22044604925031E-16));
#2968=DIRECTION('ref_axis',(2.22044604925031E-16,0.,-1.));
#2969=DIRECTION('center_axis',(1.,-6.12323399573677E-17,2.22044604925031E-16));
#2970=DIRECTION('ref_axis',(-2.22044604925031E-16,0.,1.));
#2971=DIRECTION('center_axis',(1.,-6.12323399573677E-17,2.22044604925031E-16));
#2972=DIRECTION('ref_axis',(0.,0.,-1.));
#2973=DIRECTION('center_axis',(-6.12323399573676E-17,-1.,-1.21214051179811E-16));
#2974=DIRECTION('ref_axis',(0.,-1.21214051179811E-16,1.));
#2975=DIRECTION('center_axis',(1.,0.,2.22044604925031E-16));
#2976=DIRECTION('ref_axis',(6.79815536723445E-33,-1.,-3.06161699786838E-17));
#2977=DIRECTION('center_axis',(1.,0.,2.22044604925031E-16));
#2978=DIRECTION('ref_axis',(6.79815536723445E-33,-1.,-3.06161699786838E-17));
#2979=DIRECTION('center_axis',(1.,-6.12323399573677E-17,2.22044604925031E-16));
#2980=DIRECTION('ref_axis',(0.,1.,0.));
#2981=DIRECTION('',(-0.633333333333333,0.773879117749594,-4.58553913379514E-17));
#2982=DIRECTION('center_axis',(-1.,0.,-2.22044604925031E-16));
#2983=DIRECTION('ref_axis',(6.79815536723445E-33,-1.,-3.06161699786838E-17));
#2984=DIRECTION('center_axis',(-1.,0.,-2.22044604925031E-16));
#2985=DIRECTION('ref_axis',(6.79815536723445E-33,-1.,-3.06161699786838E-17));
#2986=DIRECTION('center_axis',(1.,-6.12323399573677E-17,2.22044604925031E-16));
#2987=DIRECTION('ref_axis',(0.,0.,-1.));
#2988=DIRECTION('center_axis',(-6.12323399573676E-17,-1.,-1.253456873948E-16));
#2989=DIRECTION('ref_axis',(0.,-1.253456873948E-16,1.));
#2990=DIRECTION('center_axis',(1.,-6.12323399573677E-17,2.22044604925031E-16));
#2991=DIRECTION('ref_axis',(-6.12323399573677E-17,-1.,6.12323399573676E-17));
#2992=DIRECTION('center_axis',(-1.,6.12323399573677E-17,-2.22044604925031E-16));
#2993=DIRECTION('ref_axis',(-2.22044604925031E-16,0.,1.));
#2994=DIRECTION('center_axis',(1.,-6.12323399573677E-17,2.22044604925031E-16));
#2995=DIRECTION('ref_axis',(-2.22044604925031E-16,0.,1.));
#2996=DIRECTION('center_axis',(1.,-6.12323399573677E-17,2.22044604925031E-16));
#2997=DIRECTION('ref_axis',(-2.22044604925031E-16,0.,1.));
#2998=DIRECTION('',(1.,-6.12323399573677E-17,2.22044604925031E-16));
#2999=DIRECTION('center_axis',(-1.,6.12323399573677E-17,-2.22044604925031E-16));
#3000=DIRECTION('ref_axis',(-2.22044604925031E-16,0.,1.));
#3001=DIRECTION('center_axis',(1.,-6.12323399573677E-17,2.22044604925031E-16));
#3002=DIRECTION('ref_axis',(0.,1.,0.));
#3003=DIRECTION('center_axis',(1.,-6.12323399573677E-17,2.22044604925031E-16));
#3004=DIRECTION('ref_axis',(-2.22044604925031E-16,0.,1.));
#3005=DIRECTION('',(-1.,6.12323399573676E-17,-2.22044604925031E-16));
#3006=DIRECTION('center_axis',(-1.,6.12323399573677E-17,-2.22044604925031E-16));
#3007=DIRECTION('ref_axis',(-2.22044604925031E-16,0.,1.));
#3008=DIRECTION('center_axis',(1.,-6.12323399573677E-17,2.22044604925031E-16));
#3009=DIRECTION('ref_axis',(-2.22044604925031E-16,0.,1.));
#3010=DIRECTION('center_axis',(1.,-6.12323399573677E-17,2.22044604925031E-16));
#3011=DIRECTION('ref_axis',(0.,1.,0.));
#3012=DIRECTION('center_axis',(1.,-6.12323399573677E-17,2.22044604925031E-16));
#3013=DIRECTION('ref_axis',(-2.22044604925031E-16,0.,1.));
#3014=DIRECTION('',(-1.,6.12323399573677E-17,-2.22044604925031E-16));
#3015=DIRECTION('center_axis',(1.,-6.12323399573677E-17,2.22044604925031E-16));
#3016=DIRECTION('ref_axis',(2.22044604925031E-16,0.,-1.));
#3017=DIRECTION('center_axis',(0.,0.,1.));
#3018=DIRECTION('ref_axis',(1.,0.,0.));
#3019=DIRECTION('center_axis',(0.,0.,-1.));
#3020=DIRECTION('ref_axis',(1.,0.,0.));
#3021=DIRECTION('',(0.707106781186547,-8.65956056235493E-17,-0.707106781186548));
#3022=DIRECTION('center_axis',(0.,0.,1.));
#3023=DIRECTION('ref_axis',(1.,0.,0.));
#3024=DIRECTION('center_axis',(0.,0.,-1.));
#3025=DIRECTION('ref_axis',(1.,0.,0.));
#3026=DIRECTION('',(0.,0.,-1.));
#3027=DIRECTION('center_axis',(0.,0.,-1.));
#3028=DIRECTION('ref_axis',(1.,0.,0.));
#3029=DIRECTION('center_axis',(0.,0.,1.));
#3030=DIRECTION('ref_axis',(1.,0.,0.));
#3031=DIRECTION('center_axis',(0.,0.,-1.));
#3032=DIRECTION('ref_axis',(1.,0.,0.));
#3033=DIRECTION('',(0.707106781186547,-8.65956056235493E-17,-0.707106781186548));
#3034=DIRECTION('center_axis',(0.,0.,1.));
#3035=DIRECTION('ref_axis',(1.,0.,0.));
#3036=DIRECTION('center_axis',(0.,0.,-1.));
#3037=DIRECTION('ref_axis',(1.,0.,0.));
#3038=DIRECTION('',(0.,0.,-1.));
#3039=DIRECTION('center_axis',(0.,0.,-1.));
#3040=DIRECTION('ref_axis',(1.,0.,0.));
#3041=DIRECTION('center_axis',(0.,0.,1.));
#3042=DIRECTION('ref_axis',(1.,0.,0.));
#3043=DIRECTION('center_axis',(0.,0.,-1.));
#3044=DIRECTION('ref_axis',(1.,0.,0.));
#3045=DIRECTION('',(0.707106781186547,-8.65956056235493E-17,-0.707106781186548));
#3046=DIRECTION('center_axis',(0.,0.,1.));
#3047=DIRECTION('ref_axis',(1.,0.,0.));
#3048=DIRECTION('center_axis',(0.,0.,-1.));
#3049=DIRECTION('ref_axis',(1.,0.,0.));
#3050=DIRECTION('',(0.,0.,-1.));
#3051=DIRECTION('center_axis',(0.,0.,-1.));
#3052=DIRECTION('ref_axis',(1.,0.,0.));
#3053=DIRECTION('center_axis',(0.,0.,1.));
#3054=DIRECTION('ref_axis',(1.,0.,0.));
#3055=DIRECTION('center_axis',(0.,0.,-1.));
#3056=DIRECTION('ref_axis',(1.,0.,0.));
#3057=DIRECTION('',(0.707106781186547,-8.65956056235493E-17,-0.707106781186547));
#3058=DIRECTION('center_axis',(0.,0.,1.));
#3059=DIRECTION('ref_axis',(1.,0.,0.));
#3060=DIRECTION('center_axis',(0.,0.,-1.));
#3061=DIRECTION('ref_axis',(1.,0.,0.));
#3062=DIRECTION('',(0.,0.,-1.));
#3063=DIRECTION('center_axis',(0.,0.,-1.));
#3064=DIRECTION('ref_axis',(1.,0.,0.));
#3065=DIRECTION('center_axis',(0.,1.,0.));
#3066=DIRECTION('ref_axis',(-1.,0.,0.));
#3067=DIRECTION('',(1.,0.,0.));
#3068=DIRECTION('',(0.,0.,1.));
#3069=DIRECTION('',(-1.,0.,0.));
#3070=DIRECTION('',(0.,0.,1.));
#3071=DIRECTION('center_axis',(1.,0.,0.));
#3072=DIRECTION('ref_axis',(0.,1.,0.));
#3073=DIRECTION('',(0.,-1.,0.));
#3074=DIRECTION('',(0.,1.,0.));
#3075=DIRECTION('',(0.,0.,-1.));
#3076=DIRECTION('center_axis',(0.,-1.,0.));
#3077=DIRECTION('ref_axis',(1.,0.,0.));
#3078=DIRECTION('',(-1.,0.,0.));
#3079=DIRECTION('',(1.,0.,0.));
#3080=DIRECTION('',(0.,0.,1.));
#3081=DIRECTION('center_axis',(-1.,0.,0.));
#3082=DIRECTION('ref_axis',(0.,-1.,0.));
#3083=DIRECTION('',(0.,1.,0.));
#3084=DIRECTION('',(0.,-1.,0.));
#3085=DIRECTION('center_axis',(0.,0.,-1.));
#3086=DIRECTION('ref_axis',(-1.,0.,0.));
#3087=DIRECTION('center_axis',(0.,-1.,0.));
#3088=DIRECTION('ref_axis',(1.,0.,0.));
#3089=DIRECTION('center_axis',(0.,0.,-1.));
#3090=DIRECTION('ref_axis',(0.707106781186547,-0.707106781186548,0.));
#3091=DIRECTION('center_axis',(1.,0.,0.));
#3092=DIRECTION('ref_axis',(0.,0.,1.));
#3093=DIRECTION('center_axis',(0.,0.,1.));
#3094=DIRECTION('ref_axis',(0.707106781186547,-0.707106781186548,0.));
#3095=DIRECTION('center_axis',(1.,-5.07530525542929E-17,0.));
#3096=DIRECTION('ref_axis',(0.,-0.707106781186548,0.707106781186547));
#3097=DIRECTION('center_axis',(1.,0.,0.));
#3098=DIRECTION('ref_axis',(0.,0.,1.));
#3099=DIRECTION('',(1.,-5.07530525542929E-17,0.));
#3100=DIRECTION('',(-1.,5.07530525542929E-17,0.));
#3101=DIRECTION('center_axis',(0.,0.,-1.));
#3102=DIRECTION('ref_axis',(-1.,0.,0.));
#3103=DIRECTION('center_axis',(0.,-1.,0.));
#3104=DIRECTION('ref_axis',(0.,0.,1.));
#3105=DIRECTION('center_axis',(0.,0.,1.));
#3106=DIRECTION('ref_axis',(-0.707106781186547,-0.707106781186548,0.));
#3107=DIRECTION('center_axis',(0.,0.,-1.));
#3108=DIRECTION('ref_axis',(-0.707106781186547,-0.707106781186548,0.));
#3109=DIRECTION('center_axis',(-1.77635683940025E-16,-1.,0.));
#3110=DIRECTION('ref_axis',(-0.707106781186544,0.,0.707106781186551));
#3111=DIRECTION('center_axis',(0.,-1.,0.));
#3112=DIRECTION('ref_axis',(0.,0.,1.));
#3113=DIRECTION('',(-1.77635683940025E-16,-1.,0.));
#3114=DIRECTION('',(1.77635683940025E-16,1.,0.));
#3115=DIRECTION('center_axis',(0.,0.,-1.));
#3116=DIRECTION('ref_axis',(-1.,0.,0.));
#3117=DIRECTION('center_axis',(-1.,0.,0.));
#3118=DIRECTION('ref_axis',(0.,0.,1.));
#3119=DIRECTION('center_axis',(0.,0.,1.));
#3120=DIRECTION('ref_axis',(-0.707106781186547,0.707106781186548,0.));
#3121=DIRECTION('center_axis',(0.,0.,-1.));
#3122=DIRECTION('ref_axis',(-0.707106781186547,0.707106781186548,0.));
#3123=DIRECTION('center_axis',(-1.,0.,0.));
#3124=DIRECTION('ref_axis',(0.,0.707106781186548,0.707106781186547));
#3125=DIRECTION('center_axis',(-1.,0.,0.));
#3126=DIRECTION('ref_axis',(0.,0.,1.));
#3127=DIRECTION('',(-1.,0.,0.));
#3128=DIRECTION('',(1.,0.,0.));
#3129=DIRECTION('center_axis',(0.,0.,-1.));
#3130=DIRECTION('ref_axis',(-1.,0.,0.));
#3131=DIRECTION('center_axis',(0.,1.,0.));
#3132=DIRECTION('ref_axis',(0.,0.,1.));
#3133=DIRECTION('center_axis',(0.,0.,1.));
#3134=DIRECTION('ref_axis',(0.707106781186547,0.707106781186548,0.));
#3135=DIRECTION('center_axis',(0.,0.,-1.));
#3136=DIRECTION('ref_axis',(0.707106781186547,0.707106781186548,0.));
#3137=DIRECTION('center_axis',(0.,1.,0.));
#3138=DIRECTION('ref_axis',(0.707106781186552,0.,0.707106781186543));
#3139=DIRECTION('',(0.,-1.,0.));
#3140=DIRECTION('',(0.,1.,0.));
#3141=DIRECTION('center_axis',(0.,1.,0.));
#3142=DIRECTION('ref_axis',(-1.,0.,0.));
#3143=DIRECTION('',(0.,0.,1.));
#3144=DIRECTION('',(1.,0.,0.));
#3145=DIRECTION('',(0.,0.,-1.));
#3146=DIRECTION('center_axis',(0.,0.,1.));
#3147=DIRECTION('ref_axis',(0.707106781186547,0.707106781186547,0.));
#3148=DIRECTION('',(0.,0.,-1.));
#3149=DIRECTION('center_axis',(0.,0.,1.));
#3150=DIRECTION('ref_axis',(0.707106781186547,0.707106781186547,0.));
#3151=DIRECTION('center_axis',(1.,0.,0.));
#3152=DIRECTION('ref_axis',(0.,1.,0.));
#3153=DIRECTION('',(0.,0.,1.));
#3154=DIRECTION('',(0.,-1.,0.));
#3155=DIRECTION('center_axis',(0.,0.,1.));
#3156=DIRECTION('ref_axis',(0.707106781186547,-0.707106781186547,0.));
#3157=DIRECTION('',(0.,0.,-1.));
#3158=DIRECTION('center_axis',(0.,0.,1.));
#3159=DIRECTION('ref_axis',(0.707106781186547,-0.707106781186547,0.));
#3160=DIRECTION('center_axis',(0.,0.,1.));
#3161=DIRECTION('ref_axis',(1.,0.,0.));
#3162=DIRECTION('center_axis',(0.,0.,1.));
#3163=DIRECTION('ref_axis',(1.,0.,0.));
#3164=DIRECTION('',(-1.,5.07530525542929E-17,0.));
#3165=DIRECTION('center_axis',(0.,0.,1.));
#3166=DIRECTION('ref_axis',(-0.707106781186547,-0.707106781186547,0.));
#3167=DIRECTION('',(1.77635683940025E-16,1.,0.));
#3168=DIRECTION('center_axis',(0.,0.,1.));
#3169=DIRECTION('ref_axis',(-0.707106781186547,0.707106781186547,0.));
#3170=DIRECTION('center_axis',(0.,0.,1.));
#3171=DIRECTION('ref_axis',(-0.707106781186547,0.707106781186547,0.));
#3172=DIRECTION('',(0.,0.,1.));
#3173=DIRECTION('center_axis',(-1.,1.77635683940025E-16,0.));
#3174=DIRECTION('ref_axis',(-1.77635683940025E-16,-1.,0.));
#3175=DIRECTION('',(0.,0.,-1.));
#3176=DIRECTION('center_axis',(0.,0.,1.));
#3177=DIRECTION('ref_axis',(-0.707106781186547,-0.707106781186547,0.));
#3178=DIRECTION('',(0.,0.,1.));
#3179=DIRECTION('center_axis',(-5.07530525542929E-17,-1.,0.));
#3180=DIRECTION('ref_axis',(1.,-5.07530525542929E-17,0.));
#3181=CARTESIAN_POINT('',(0.,0.,0.));
#3182=CARTESIAN_POINT('Origin',(165.,90.,0.));
#3183=CARTESIAN_POINT('',(165.,100.,130.));
#3184=CARTESIAN_POINT('',(175.,90.,130.));
#3185=CARTESIAN_POINT('Origin',(165.,90.,130.));
#3186=CARTESIAN_POINT('',(175.,90.,0.));
#3187=CARTESIAN_POINT('',(175.,90.,0.));
#3188=CARTESIAN_POINT('',(165.,100.,0.));
#3189=CARTESIAN_POINT('Origin',(165.,90.,0.));
#3190=CARTESIAN_POINT('',(165.,100.,0.));
#3191=CARTESIAN_POINT('Origin',(0.,0.,0.));
#3192=CARTESIAN_POINT('',(175.,-90.,0.));
#3193=CARTESIAN_POINT('',(175.,-100.,0.));
#3194=CARTESIAN_POINT('',(165.,-100.,0.));
#3195=CARTESIAN_POINT('Origin',(165.,-90.,0.));
#3196=CARTESIAN_POINT('',(-165.,-100.,0.));
#3197=CARTESIAN_POINT('',(-175.,-100.,0.));
#3198=CARTESIAN_POINT('',(-175.,-90.,0.));
#3199=CARTESIAN_POINT('Origin',(-165.,-90.,0.));
#3200=CARTESIAN_POINT('',(-175.,90.,0.));
#3201=CARTESIAN_POINT('',(-175.,100.,0.));
#3202=CARTESIAN_POINT('',(-165.,100.,0.));
#3203=CARTESIAN_POINT('Origin',(-165.,90.,0.));
#3204=CARTESIAN_POINT('',(175.,100.,0.));
#3205=CARTESIAN_POINT('Origin',(175.,-100.,0.));
#3206=CARTESIAN_POINT('',(175.,-90.,130.));
#3207=CARTESIAN_POINT('',(175.,-100.,130.));
#3208=CARTESIAN_POINT('',(175.,-90.,0.));
#3209=CARTESIAN_POINT('',(175.,-57.0088901112058,50.4279153688219));
#3210=CARTESIAN_POINT('',(175.,-57.0088901112058,55.4279153688219));
#3211=CARTESIAN_POINT('',(175.,-57.0088901112058,27.713957684411));
#3212=CARTESIAN_POINT('',(175.,54.9911098887942,55.4279153688219));
#3213=CARTESIAN_POINT('',(175.,-22.5044450556029,55.4279153688219));
#3214=CARTESIAN_POINT('',(175.,54.9911098887942,50.4279153688219));
#3215=CARTESIAN_POINT('',(175.,54.9911098887942,25.213957684411));
#3216=CARTESIAN_POINT('',(175.,-78.5044450556029,50.4279153688219));
#3217=CARTESIAN_POINT('',(175.,-57.2865368449092,59.346574161691));
#3218=CARTESIAN_POINT('',(175.,-57.2865368449092,64.346574161691));
#3219=CARTESIAN_POINT('',(175.,-57.2865368449092,32.1732870808455));
#3220=CARTESIAN_POINT('',(175.,54.7134631550908,64.346574161691));
#3221=CARTESIAN_POINT('',(175.,-22.6432684224546,64.346574161691));
#3222=CARTESIAN_POINT('',(175.,54.7134631550908,59.346574161691));
#3223=CARTESIAN_POINT('',(175.,54.7134631550908,29.6732870808455));
#3224=CARTESIAN_POINT('',(175.,-78.6432684224546,59.346574161691));
#3225=CARTESIAN_POINT('',(175.,-57.4317611405729,70.));
#3226=CARTESIAN_POINT('',(175.,-57.4317611405729,75.));
#3227=CARTESIAN_POINT('',(175.,-57.4317611405729,37.5));
#3228=CARTESIAN_POINT('',(175.,54.5682388594271,75.));
#3229=CARTESIAN_POINT('',(175.,-22.7158805702865,75.));
#3230=CARTESIAN_POINT('',(175.,54.5682388594271,70.));
#3231=CARTESIAN_POINT('',(175.,54.5682388594271,35.));
#3232=CARTESIAN_POINT('',(175.,-78.7158805702865,70.));
#3233=CARTESIAN_POINT('',(175.,54.7262018806101,85.1712159239618));
#3234=CARTESIAN_POINT('',(175.,54.7262018806101,80.1712159239618));
#3235=CARTESIAN_POINT('',(175.,54.7262018806101,40.0856079619809));
#3236=CARTESIAN_POINT('',(175.,-57.2737981193899,80.1712159239618));
#3237=CARTESIAN_POINT('',(175.,-78.6368990596949,80.1712159239618));
#3238=CARTESIAN_POINT('',(175.,-57.2737981193899,85.1712159239618));
#3239=CARTESIAN_POINT('',(175.,-57.2737981193898,42.5856079619809));
#3240=CARTESIAN_POINT('',(175.,-22.6368990596949,85.1712159239618));
#3241=CARTESIAN_POINT('',(175.,55.0457203215902,94.8287840760382));
#3242=CARTESIAN_POINT('',(175.,55.0457203215902,89.8287840760382));
#3243=CARTESIAN_POINT('',(175.,55.0457203215902,44.9143920380191));
#3244=CARTESIAN_POINT('',(175.,-56.9542796784098,89.8287840760382));
#3245=CARTESIAN_POINT('',(175.,-78.4771398392049,89.8287840760382));
#3246=CARTESIAN_POINT('',(175.,-56.9542796784098,94.8287840760382));
#3247=CARTESIAN_POINT('',(175.,-56.9542796784098,47.4143920380191));
#3248=CARTESIAN_POINT('',(175.,-22.4771398392049,94.8287840760382));
#3249=CARTESIAN_POINT('Origin',(165.,-90.,0.));
#3250=CARTESIAN_POINT('',(165.,-100.,130.));
#3251=CARTESIAN_POINT('Origin',(165.,-90.,130.));
#3252=CARTESIAN_POINT('',(165.,-100.,0.));
#3253=CARTESIAN_POINT('Origin',(-165.,90.,0.));
#3254=CARTESIAN_POINT('',(-175.,90.,130.));
#3255=CARTESIAN_POINT('',(-165.,100.,130.));
#3256=CARTESIAN_POINT('Origin',(-165.,90.,130.));
#3257=CARTESIAN_POINT('',(-165.,100.,0.));
#3258=CARTESIAN_POINT('',(-175.,90.,0.));
#3259=CARTESIAN_POINT('Origin',(-175.,100.,0.));
#3260=CARTESIAN_POINT('',(-175.,-90.,130.));
#3261=CARTESIAN_POINT('',(-175.,-90.,0.));
#3262=CARTESIAN_POINT('',(-175.,100.,130.));
#3263=CARTESIAN_POINT('',(-175.,11.1046308942371,55.3346563273044));
#3264=CARTESIAN_POINT('Origin',(-175.,-1.39636910576289,55.3346563273044));
#3265=CARTESIAN_POINT('Origin',(-165.,-90.,0.));
#3266=CARTESIAN_POINT('',(-165.,-100.,130.));
#3267=CARTESIAN_POINT('Origin',(-165.,-90.,130.));
#3268=CARTESIAN_POINT('',(-165.,-100.,0.));
#3269=CARTESIAN_POINT('Origin',(-152.5,-1.39636910576289,55.3346563273044));
#3270=CARTESIAN_POINT('',(-165.,11.1046308942371,55.3346563273044));
#3271=CARTESIAN_POINT('',(-152.5,11.1046308942371,55.3346563273044));
#3272=CARTESIAN_POINT('Origin',(-165.,-1.39636910576289,55.3346563273044));
#3273=CARTESIAN_POINT('Origin',(-100.,-100.,50.));
#3274=CARTESIAN_POINT('',(-107.5,-90.,50.));
#3275=CARTESIAN_POINT('Origin',(-100.,-90.,50.));
#3276=CARTESIAN_POINT('',(-107.5,-100.,50.));
#3277=CARTESIAN_POINT('',(-107.5,-100.,50.));
#3278=CARTESIAN_POINT('Origin',(-100.,-100.,50.));
#3279=CARTESIAN_POINT('Origin',(-70.,-100.,50.));
#3280=CARTESIAN_POINT('',(-77.5,-90.,50.));
#3281=CARTESIAN_POINT('Origin',(-70.,-90.,50.));
#3282=CARTESIAN_POINT('',(-77.5,-100.,50.));
#3283=CARTESIAN_POINT('',(-77.5,-100.,50.));
#3284=CARTESIAN_POINT('Origin',(-70.,-100.,50.));
#3285=CARTESIAN_POINT('Origin',(175.,54.9911098887942,50.4279153688219));
#3286=CARTESIAN_POINT('',(167.,54.9911098887942,55.4279153688219));
#3287=CARTESIAN_POINT('',(175.,54.9911098887942,55.4279153688219));
#3288=CARTESIAN_POINT('',(167.,54.9911098887942,50.4279153688219));
#3289=CARTESIAN_POINT('',(167.,54.9911098887942,55.4279153688219));
#3290=CARTESIAN_POINT('',(175.,54.9911098887942,50.4279153688219));
#3291=CARTESIAN_POINT('Origin',(175.,-57.0088901112058,50.4279153688219));
#3292=CARTESIAN_POINT('',(167.,-57.0088901112058,50.4279153688219));
#3293=CARTESIAN_POINT('',(167.,54.9911098887942,50.4279153688219));
#3294=CARTESIAN_POINT('',(175.,-57.0088901112058,50.4279153688219));
#3295=CARTESIAN_POINT('Origin',(167.,-1.0088901112058,52.9279153688219));
#3296=CARTESIAN_POINT('',(167.,-57.0088901112058,55.4279153688219));
#3297=CARTESIAN_POINT('',(167.,-57.0088901112058,55.4279153688219));
#3298=CARTESIAN_POINT('',(167.,-57.0088901112058,50.4279153688219));
#3299=CARTESIAN_POINT('Origin',(175.,-57.0088901112058,55.4279153688219));
#3300=CARTESIAN_POINT('',(175.,-57.0088901112058,55.4279153688219));
#3301=CARTESIAN_POINT('Origin',(175.,54.9911098887942,55.4279153688219));
#3302=CARTESIAN_POINT('Origin',(175.,54.7134631550908,59.346574161691));
#3303=CARTESIAN_POINT('',(167.,54.7134631550908,64.346574161691));
#3304=CARTESIAN_POINT('',(175.,54.7134631550908,64.346574161691));
#3305=CARTESIAN_POINT('',(167.,54.7134631550908,59.346574161691));
#3306=CARTESIAN_POINT('',(167.,54.7134631550908,64.346574161691));
#3307=CARTESIAN_POINT('',(175.,54.7134631550908,59.346574161691));
#3308=CARTESIAN_POINT('Origin',(175.,-57.2865368449092,59.346574161691));
#3309=CARTESIAN_POINT('',(167.,-57.2865368449092,59.346574161691));
#3310=CARTESIAN_POINT('',(167.,54.7134631550908,59.346574161691));
#3311=CARTESIAN_POINT('',(175.,-57.2865368449092,59.346574161691));
#3312=CARTESIAN_POINT('Origin',(167.,-1.28653684490922,61.846574161691));
#3313=CARTESIAN_POINT('',(167.,-57.2865368449092,64.346574161691));
#3314=CARTESIAN_POINT('',(167.,-57.2865368449092,64.346574161691));
#3315=CARTESIAN_POINT('',(167.,-57.2865368449092,59.346574161691));
#3316=CARTESIAN_POINT('Origin',(175.,-57.2865368449092,64.346574161691));
#3317=CARTESIAN_POINT('',(175.,-57.2865368449092,64.346574161691));
#3318=CARTESIAN_POINT('Origin',(175.,54.7134631550908,64.346574161691));
#3319=CARTESIAN_POINT('Origin',(175.,54.5682388594271,70.));
#3320=CARTESIAN_POINT('',(165.,54.5682388594271,75.));
#3321=CARTESIAN_POINT('',(175.,54.5682388594271,75.));
#3322=CARTESIAN_POINT('',(165.,54.5682388594271,70.));
#3323=CARTESIAN_POINT('',(165.,54.5682388594271,35.));
#3324=CARTESIAN_POINT('',(175.,54.5682388594271,70.));
#3325=CARTESIAN_POINT('Origin',(175.,-57.4317611405729,70.));
#3326=CARTESIAN_POINT('',(165.,-57.4317611405729,70.));
#3327=CARTESIAN_POINT('',(165.,-78.7158805702865,70.));
#3328=CARTESIAN_POINT('',(175.,-57.4317611405729,70.));
#3329=CARTESIAN_POINT('Origin',(175.,-57.4317611405729,75.));
#3330=CARTESIAN_POINT('',(165.,-57.4317611405729,75.));
#3331=CARTESIAN_POINT('',(165.,-57.4317611405729,37.5));
#3332=CARTESIAN_POINT('',(175.,-57.4317611405729,75.));
#3333=CARTESIAN_POINT('Origin',(175.,54.5682388594271,75.));
#3334=CARTESIAN_POINT('',(165.,-22.7158805702865,75.));
#3335=CARTESIAN_POINT('Origin',(175.,-57.2737981193899,85.1712159239618));
#3336=CARTESIAN_POINT('',(165.,-57.2737981193899,80.1712159239618));
#3337=CARTESIAN_POINT('',(175.,-57.2737981193899,80.1712159239618));
#3338=CARTESIAN_POINT('',(165.,-57.2737981193899,85.1712159239618));
#3339=CARTESIAN_POINT('',(165.,-57.2737981193898,42.5856079619809));
#3340=CARTESIAN_POINT('',(175.,-57.2737981193899,85.1712159239618));
#3341=CARTESIAN_POINT('Origin',(175.,54.7262018806101,85.1712159239618));
#3342=CARTESIAN_POINT('',(165.,54.7262018806101,85.1712159239618));
#3343=CARTESIAN_POINT('',(165.,-22.6368990596949,85.1712159239618));
#3344=CARTESIAN_POINT('',(175.,54.7262018806101,85.1712159239618));
#3345=CARTESIAN_POINT('Origin',(175.,54.7262018806101,80.1712159239618));
#3346=CARTESIAN_POINT('',(165.,54.7262018806101,80.1712159239618));
#3347=CARTESIAN_POINT('',(165.,54.7262018806101,40.0856079619809));
#3348=CARTESIAN_POINT('',(175.,54.7262018806101,80.1712159239618));
#3349=CARTESIAN_POINT('Origin',(175.,-57.2737981193899,80.1712159239618));
#3350=CARTESIAN_POINT('',(165.,-78.6368990596949,80.1712159239618));
#3351=CARTESIAN_POINT('Origin',(175.,-56.9542796784098,94.8287840760382));
#3352=CARTESIAN_POINT('',(165.,-56.9542796784098,89.8287840760382));
#3353=CARTESIAN_POINT('',(175.,-56.9542796784098,89.8287840760382));
#3354=CARTESIAN_POINT('',(165.,-56.9542796784098,94.8287840760382));
#3355=CARTESIAN_POINT('',(165.,-56.9542796784098,47.4143920380191));
#3356=CARTESIAN_POINT('',(175.,-56.9542796784098,94.8287840760382));
#3357=CARTESIAN_POINT('Origin',(175.,55.0457203215902,94.8287840760382));
#3358=CARTESIAN_POINT('',(165.,55.0457203215902,94.8287840760382));
#3359=CARTESIAN_POINT('',(165.,-22.4771398392049,94.8287840760382));
#3360=CARTESIAN_POINT('',(175.,55.0457203215902,94.8287840760382));
#3361=CARTESIAN_POINT('Origin',(175.,55.0457203215902,89.8287840760382));
#3362=CARTESIAN_POINT('',(165.,55.0457203215902,89.8287840760382));
#3363=CARTESIAN_POINT('',(165.,55.0457203215902,44.9143920380191));
#3364=CARTESIAN_POINT('',(175.,55.0457203215902,89.8287840760382));
#3365=CARTESIAN_POINT('Origin',(175.,-56.9542796784098,89.8287840760382));
#3366=CARTESIAN_POINT('',(165.,-78.4771398392049,89.8287840760382));
#3367=CARTESIAN_POINT('Origin',(-149.59334977937,-75.1851912032548,9.14561162930957));
#3368=CARTESIAN_POINT('',(-155.765790814669,-75.1851912032548,10.));
#3369=CARTESIAN_POINT('Origin',(-149.59334977937,-75.1851912032548,10.));
#3370=CARTESIAN_POINT('',(-149.59334977937,-75.1851912032548,6.29122325861914));
#3371=CARTESIAN_POINT('',(-154.34384977937,-75.1851912032548,9.14561162930957));
#3372=CARTESIAN_POINT('Origin',(150.899037260358,-75.5355142327045,9.14561162930957));
#3373=CARTESIAN_POINT('',(144.726596225059,-75.5355142327045,10.));
#3374=CARTESIAN_POINT('Origin',(150.899037260358,-75.5355142327045,10.));
#3375=CARTESIAN_POINT('',(150.899037260358,-75.5355142327045,6.29122325861914));
#3376=CARTESIAN_POINT('',(146.148537260358,-75.5355142327045,9.14561162930957));
#3377=CARTESIAN_POINT('Origin',(149.846975848446,73.4946598694234,9.14561162930957));
#3378=CARTESIAN_POINT('',(143.674534813147,73.4946598694234,10.));
#3379=CARTESIAN_POINT('Origin',(149.846975848446,73.4946598694234,10.));
#3380=CARTESIAN_POINT('',(149.846975848446,73.4946598694234,6.29122325861914));
#3381=CARTESIAN_POINT('',(145.096475848446,73.4946598694234,9.14561162930957));
#3382=CARTESIAN_POINT('Origin',(-151.045864050668,75.8345659252814,9.14561162930957));
#3383=CARTESIAN_POINT('',(-157.218305085967,75.8345659252814,10.));
#3384=CARTESIAN_POINT('Origin',(-151.045864050668,75.8345659252814,10.));
#3385=CARTESIAN_POINT('',(-151.045864050668,75.8345659252814,6.29122325861914));
#3386=CARTESIAN_POINT('',(-155.796364050668,75.8345659252814,9.14561162930957));
#3387=CARTESIAN_POINT('Origin',(-175.,-90.,0.));
#3388=CARTESIAN_POINT('',(-165.,-90.,10.));
#3389=CARTESIAN_POINT('',(165.,-90.,10.));
#3390=CARTESIAN_POINT('',(-87.5,-90.,10.));
#3391=CARTESIAN_POINT('',(-165.,-90.,130.));
#3392=CARTESIAN_POINT('',(-165.,-90.,0.));
#3393=CARTESIAN_POINT('',(165.,-90.,130.));
#3394=CARTESIAN_POINT('',(-87.5,-90.,130.));
#3395=CARTESIAN_POINT('',(165.,-90.,0.));
#3396=CARTESIAN_POINT('Origin',(-165.,100.,0.));
#3397=CARTESIAN_POINT('',(-165.,90.,10.));
#3398=CARTESIAN_POINT('',(-165.,50.,10.));
#3399=CARTESIAN_POINT('',(-165.,90.,130.));
#3400=CARTESIAN_POINT('',(-165.,90.,0.));
#3401=CARTESIAN_POINT('',(-165.,50.,130.));
#3402=CARTESIAN_POINT('Origin',(175.,90.,0.));
#3403=CARTESIAN_POINT('',(165.,90.,10.));
#3404=CARTESIAN_POINT('',(87.5,90.,10.));
#3405=CARTESIAN_POINT('',(165.,90.,130.));
#3406=CARTESIAN_POINT('',(165.,90.,0.));
#3407=CARTESIAN_POINT('',(87.5,90.,130.));
#3408=CARTESIAN_POINT('Origin',(165.,-100.,0.));
#3409=CARTESIAN_POINT('',(165.,-50.,10.));
#3410=CARTESIAN_POINT('',(165.,-50.,130.));
#3411=CARTESIAN_POINT('Origin',(0.,0.,10.));
#3412=CARTESIAN_POINT('Origin',(-175.,-100.,0.));
#3413=CARTESIAN_POINT('',(-175.,-100.,130.));
#3414=CARTESIAN_POINT('Origin',(175.,100.,0.));
#3415=CARTESIAN_POINT('',(175.,100.,130.));
#3416=CARTESIAN_POINT('Origin',(0.,0.,130.));
#3417=CARTESIAN_POINT('Origin',(-150.814947310256,75.9471973243696,93.5416584124276));
#3418=CARTESIAN_POINT('',(-162.326147310256,75.9471973243696,97.));
#3419=CARTESIAN_POINT('Origin',(-150.814947310256,75.9471973243696,97.));
#3420=CARTESIAN_POINT('',(-160.480737569825,75.9471973243696,95.8911659610051));
#3421=CARTESIAN_POINT('',(-156.5705003631,75.9471973243696,93.5416584124276));
#3422=CARTESIAN_POINT('',(-141.480430199985,75.9471973243696,95.6921169714511));
#3423=CARTESIAN_POINT('Ctrl Pts',(-160.480737569825,75.9471973243696,95.8911659610051));
#3424=CARTESIAN_POINT('Ctrl Pts',(-160.462844184691,77.1527872980182,95.880414530537));
#3425=CARTESIAN_POINT('Ctrl Pts',(-160.200306804013,78.4342135933476,95.8664478919248));
#3426=CARTESIAN_POINT('Ctrl Pts',(-159.176713304091,80.7794473742938,95.835134351013));
#3427=CARTESIAN_POINT('Ctrl Pts',(-158.415657975449,81.8432551422096,95.8177827480914));
#3428=CARTESIAN_POINT('Ctrl Pts',(-156.687498168996,83.4942886897399,95.7850096655717));
#3429=CARTESIAN_POINT('Ctrl Pts',(-155.611236223971,84.1974674025309,95.7674168492403));
#3430=CARTESIAN_POINT('Ctrl Pts',(-153.26710183346,85.113623803504,95.734454153421));
#3431=CARTESIAN_POINT('Ctrl Pts',(-151.999229145222,85.3266009878415,95.719087533593));
#3432=CARTESIAN_POINT('Ctrl Pts',(-149.646932471088,85.2855866334152,95.6944436232034));
#3433=CARTESIAN_POINT('Ctrl Pts',(-148.403386342542,85.0351830140552,95.6834435169063));
#3434=CARTESIAN_POINT('Ctrl Pts',(-146.11714880439,84.0622936192597,95.66785206748));
#3435=CARTESIAN_POINT('Ctrl Pts',(-145.074457713425,83.3398070205364,95.6632653735497));
#3436=CARTESIAN_POINT('Ctrl Pts',(-143.426546807956,81.6858324778504,95.6606933994415));
#3437=CARTESIAN_POINT('Ctrl Pts',(-142.708634955021,80.6421846204889,95.6625236905182));
#3438=CARTESIAN_POINT('Ctrl Pts',(-141.744232513635,78.3560467524062,95.6730363689872));
#3439=CARTESIAN_POINT('Ctrl Pts',(-141.4977413281,77.1135569781137,95.6817153962953));
#3440=CARTESIAN_POINT('Ctrl Pts',(-141.480430199985,75.9471973243696,95.6921169714511));
#3441=CARTESIAN_POINT('',(-160.481783884905,75.8061958983193,95.8924125008356));
#3442=CARTESIAN_POINT('Ctrl Pts',(-141.480430199985,75.9471973243696,95.6921169714511));
#3443=CARTESIAN_POINT('Ctrl Pts',(-141.462913476787,74.7669854360378,95.7026420805946));
#3444=CARTESIAN_POINT('Ctrl Pts',(-141.677619830786,73.5038160443515,95.716364745797));
#3445=CARTESIAN_POINT('Ctrl Pts',(-142.593821185512,71.1684912268809,95.7471120073007));
#3446=CARTESIAN_POINT('Ctrl Pts',(-143.295315448719,70.0963354515468,95.7641320308094));
#3447=CARTESIAN_POINT('Ctrl Pts',(-144.940643085381,68.3741276498792,95.7967920534994));
#3448=CARTESIAN_POINT('Ctrl Pts',(-146.000426009908,67.6148959734373,95.8146219285472));
#3449=CARTESIAN_POINT('Ctrl Pts',(-148.336870920701,66.5915256011208,95.8479932486568));
#3450=CARTESIAN_POINT('Ctrl Pts',(-149.613533120587,66.3273875048682,95.863538125323));
#3451=CARTESIAN_POINT('Ctrl Pts',(-152.032559321771,66.2852096626458,95.8888811297099));
#3452=CARTESIAN_POINT('Ctrl Pts',(-153.333935014191,66.5109100138418,95.9002874332883));
#3453=CARTESIAN_POINT('Ctrl Pts',(-155.729607291225,67.4762872617974,95.916445103549));
#3454=CARTESIAN_POINT('Ctrl Pts',(-156.823903563402,68.2159648564521,95.9212010972537));
#3455=CARTESIAN_POINT('Ctrl Pts',(-158.550570481847,69.9363220547599,95.9238861322041));
#3456=CARTESIAN_POINT('Ctrl Pts',(-159.294962012128,71.0295802306603,95.9219810608229));
#3457=CARTESIAN_POINT('Ctrl Pts',(-160.250368084043,73.3792768213341,95.9112697599882));
#3458=CARTESIAN_POINT('Ctrl Pts',(-160.481783885563,74.6278249088821,95.9027388956741));
#3459=CARTESIAN_POINT('Ctrl Pts',(-160.481783884905,75.806195900973,95.8924125008355));
#3460=CARTESIAN_POINT('Ctrl Pts',(-160.481783884905,75.806195900973,95.8924125008355));
#3461=CARTESIAN_POINT('Ctrl Pts',(-160.481783884878,75.8533121252834,95.8919996081737));
#3462=CARTESIAN_POINT('Ctrl Pts',(-160.481433380615,75.9003161721298,95.8915840463074));
#3463=CARTESIAN_POINT('Ctrl Pts',(-160.480737569825,75.9471973243696,95.8911659610051));
#3464=CARTESIAN_POINT('Origin',(-150.814947310256,75.9471973243696,119.5));
#3465=CARTESIAN_POINT('',(-162.326147310256,75.9471973243696,130.));
#3466=CARTESIAN_POINT('Origin',(-150.814947310256,75.9471973243696,130.));
#3467=CARTESIAN_POINT('',(-162.326147310256,75.9471973243696,119.5));
#3468=CARTESIAN_POINT('Origin',(-146.995713902953,72.0310422306141,130.));
#3469=CARTESIAN_POINT('',(-146.995713902953,60.0310422306141,10.));
#3470=CARTESIAN_POINT('',(-134.995713902953,72.0310422306141,10.));
#3471=CARTESIAN_POINT('Origin',(-146.995713902953,72.0310422306141,10.));
#3472=CARTESIAN_POINT('',(-134.995713902953,72.0310422306141,130.));
#3473=CARTESIAN_POINT('',(-134.995713902953,72.0310422306141,130.));
#3474=CARTESIAN_POINT('',(-146.995713902953,60.0310422306141,130.));
#3475=CARTESIAN_POINT('Origin',(-146.995713902953,72.0310422306141,130.));
#3476=CARTESIAN_POINT('',(-146.995713902953,60.0310422306141,130.));
#3477=CARTESIAN_POINT('Origin',(-149.995713902953,75.0310422306141,10.));
#3478=CARTESIAN_POINT('',(-164.995713902953,60.0310422306141,10.));
#3479=CARTESIAN_POINT('',(-134.995713902953,60.0310422306141,10.));
#3480=CARTESIAN_POINT('',(-164.995713902953,90.0310422306141,10.));
#3481=CARTESIAN_POINT('',(-164.995713902953,60.0310422306141,10.));
#3482=CARTESIAN_POINT('',(-134.995713902953,90.0310422306141,10.));
#3483=CARTESIAN_POINT('',(-164.995713902953,90.0310422306141,10.));
#3484=CARTESIAN_POINT('',(-134.995713902953,90.0310422306141,10.));
#3485=CARTESIAN_POINT('',(-157.153224920204,75.8061958956655,10.));
#3486=CARTESIAN_POINT('Origin',(-150.980583884905,75.8061958956655,10.));
#3487=CARTESIAN_POINT('Origin',(-134.995713902953,60.0310422306141,130.));
#3488=CARTESIAN_POINT('',(-164.995713902953,60.0310422306141,130.));
#3489=CARTESIAN_POINT('',(-134.995713902953,60.0310422306141,130.));
#3490=CARTESIAN_POINT('',(-164.995713902953,60.0310422306141,130.));
#3491=CARTESIAN_POINT('Origin',(-150.980583884905,75.8061958956655,9.14552333455028));
#3492=CARTESIAN_POINT('',(-160.481783884905,75.8061958956655,12.));
#3493=CARTESIAN_POINT('Origin',(-150.980583884905,75.8061958956655,12.));
#3494=CARTESIAN_POINT('',(-155.731136937748,75.8061958956655,9.14552333455028));
#3495=CARTESIAN_POINT('Origin',(-150.980583884905,75.8061958956655,71.));
#3496=CARTESIAN_POINT('',(-160.481783884905,75.8061958956655,71.));
#3497=CARTESIAN_POINT('Origin',(-134.995713902953,90.0310422306141,130.));
#3498=CARTESIAN_POINT('',(-134.995713902953,90.0310422306141,130.));
#3499=CARTESIAN_POINT('',(-134.995713902953,90.0310422306141,130.));
#3500=CARTESIAN_POINT('',(-134.995713902953,90.0310422306141,130.));
#3501=CARTESIAN_POINT('Origin',(-164.995713902953,90.0310422306141,130.));
#3502=CARTESIAN_POINT('',(-164.995713902953,90.0310422306141,130.));
#3503=CARTESIAN_POINT('',(-164.995713902953,90.0310422306141,130.));
#3504=CARTESIAN_POINT('',(-164.995713902953,90.0310422306141,130.));
#3505=CARTESIAN_POINT('Origin',(-164.995713902953,60.0310422306141,130.));
#3506=CARTESIAN_POINT('',(-164.995713902953,60.0310422306141,130.));
#3507=CARTESIAN_POINT('Origin',(-149.995713902953,75.0310422306141,130.));
#3508=CARTESIAN_POINT('Origin',(149.57192862867,73.4600953470808,93.5416584124276));
#3509=CARTESIAN_POINT('',(138.06072862867,73.4600953470808,97.));
#3510=CARTESIAN_POINT('Origin',(149.57192862867,73.4600953470808,97.));
#3511=CARTESIAN_POINT('',(140.335368222415,73.4600953470808,95.6332586456381));
#3512=CARTESIAN_POINT('',(143.816375575827,73.4600953470808,93.5416584124276));
#3513=CARTESIAN_POINT('',(140.335283181946,73.5002944238807,95.6333623036173));
#3514=CARTESIAN_POINT('Ctrl Pts',(140.335368222415,73.4600953470808,95.6332586456381));
#3515=CARTESIAN_POINT('Ctrl Pts',(140.335311573191,73.4734844800869,95.6332926839255));
#3516=CARTESIAN_POINT('Ctrl Pts',(140.335283181946,73.4868842615399,95.6333272360635));
#3517=CARTESIAN_POINT('Ctrl Pts',(140.335283181946,73.5002944239975,95.6333623036173));
#3518=CARTESIAN_POINT('',(159.337598141478,73.4600953470808,95.9511794709341));
#3519=CARTESIAN_POINT('Ctrl Pts',(140.335283181946,73.5002944239975,95.6333623036173));
#3520=CARTESIAN_POINT('Ctrl Pts',(140.335283181975,74.6524104842911,95.6363750853079));
#3521=CARTESIAN_POINT('Ctrl Pts',(140.557402067415,75.8811529341206,95.6434120888472));
#3522=CARTESIAN_POINT('Ctrl Pts',(141.468606756742,78.1675773825375,95.6649917602466));
#3523=CARTESIAN_POINT('Ctrl Pts',(142.163397355385,79.2231023906396,95.6796184314544));
#3524=CARTESIAN_POINT('Ctrl Pts',(143.785877880879,80.9210004283812,95.7116224845536));
#3525=CARTESIAN_POINT('Ctrl Pts',(144.829432373911,81.6726134264998,95.7312506997118));
#3526=CARTESIAN_POINT('Ctrl Pts',(147.130283860884,82.6945230976954,95.7726354839208));
#3527=CARTESIAN_POINT('Ctrl Pts',(148.387580658021,82.9648203697847,95.7943882030786));
#3528=CARTESIAN_POINT('Ctrl Pts',(150.782188049292,83.0315224717965,95.8344668693838));
#3529=CARTESIAN_POINT('Ctrl Pts',(152.078736015671,82.8220412466359,95.8554272074669));
#3530=CARTESIAN_POINT('Ctrl Pts',(154.473426244007,81.8920415980517,95.8925952862345));
#3531=CARTESIAN_POINT('Ctrl Pts',(155.571567909035,81.1715219476553,95.9088107851157));
#3532=CARTESIAN_POINT('Ctrl Pts',(157.323336129189,79.4772099012105,95.9332604190847));
#3533=CARTESIAN_POINT('Ctrl Pts',(158.086782084202,78.3885203646772,95.9430057928757));
#3534=CARTESIAN_POINT('Ctrl Pts',(159.096507604836,75.9931106049963,95.9535220800497));
#3535=CARTESIAN_POINT('Ctrl Pts',(159.342786576624,74.6863901491123,95.9542969972878));
#3536=CARTESIAN_POINT('Ctrl Pts',(159.337598141478,73.4600953470808,95.9511794709341));
#3537=CARTESIAN_POINT('Ctrl Pts',(159.337598141478,73.4600953470808,95.9511794709341));
#3538=CARTESIAN_POINT('Ctrl Pts',(159.332426302508,72.2377230773495,95.9480719165691));
#3539=CARTESIAN_POINT('Ctrl Pts',(159.076710950711,70.9370413427322,95.9406940100942));
#3540=CARTESIAN_POINT('Ctrl Pts',(158.052777096921,68.5561473912315,95.9180540083311));
#3541=CARTESIAN_POINT('Ctrl Pts',(157.284559766232,67.4759347433308,95.9027842665918));
#3542=CARTESIAN_POINT('Ctrl Pts',(155.532460781298,65.8014807899458,95.8697568424819));
#3543=CARTESIAN_POINT('Ctrl Pts',(154.439541490094,65.0913458801371,95.8499161220572));
#3544=CARTESIAN_POINT('Ctrl Pts',(152.059657637364,64.1752712741226,95.8080397367604));
#3545=CARTESIAN_POINT('Ctrl Pts',(150.772693430071,63.9693308495911,95.7859998732564));
#3546=CARTESIAN_POINT('Ctrl Pts',(148.397106746092,64.0355031273141,95.7462395575013));
#3547=CARTESIAN_POINT('Ctrl Pts',(147.149217488613,64.3017990634826,95.7258325167326));
#3548=CARTESIAN_POINT('Ctrl Pts',(144.862566461318,65.3092098644495,95.6895999734779));
#3549=CARTESIAN_POINT('Ctrl Pts',(143.823805141455,66.0503260224838,95.6737820317883));
#3550=CARTESIAN_POINT('Ctrl Pts',(142.200497337071,67.7288625266,95.6503557730024));
#3551=CARTESIAN_POINT('Ctrl Pts',(141.50104751491,68.7763398319759,95.6410684127652));
#3552=CARTESIAN_POINT('Ctrl Pts',(140.570936027352,71.0620838769466,95.6310436554656));
#3553=CARTESIAN_POINT('Ctrl Pts',(140.340275083876,72.3003509280534,95.630310305823));
#3554=CARTESIAN_POINT('Ctrl Pts',(140.335368222415,73.4600953470808,95.6332586456381));
#3555=CARTESIAN_POINT('Origin',(149.57192862867,73.4600953470808,119.5));
#3556=CARTESIAN_POINT('',(138.06072862867,73.4600953470808,130.));
#3557=CARTESIAN_POINT('Origin',(149.57192862867,73.4600953470808,130.));
#3558=CARTESIAN_POINT('',(138.06072862867,73.4600953470808,119.5));
#3559=CARTESIAN_POINT('Origin',(142.993330754898,68.0686751557037,130.));
#3560=CARTESIAN_POINT('',(134.993330754898,68.0686751557037,10.));
#3561=CARTESIAN_POINT('',(142.993330754898,60.0686751557036,10.));
#3562=CARTESIAN_POINT('Origin',(142.993330754898,68.0686751557037,10.));
#3563=CARTESIAN_POINT('',(142.993330754898,60.0686751557036,130.));
#3564=CARTESIAN_POINT('',(142.993330754898,60.0686751557036,130.));
#3565=CARTESIAN_POINT('',(134.993330754898,68.0686751557037,130.));
#3566=CARTESIAN_POINT('Origin',(142.993330754898,68.0686751557037,130.));
#3567=CARTESIAN_POINT('',(134.993330754898,68.0686751557037,130.));
#3568=CARTESIAN_POINT('Origin',(149.993330754898,75.0686751557036,130.));
#3569=CARTESIAN_POINT('',(164.993330754898,60.0686751557036,130.));
#3570=CARTESIAN_POINT('',(134.993330754898,60.0686751557036,130.));
#3571=CARTESIAN_POINT('',(164.993330754898,90.0686751557036,130.));
#3572=CARTESIAN_POINT('',(164.993330754898,60.0686751557036,130.));
#3573=CARTESIAN_POINT('',(134.993330754898,90.0686751557036,130.));
#3574=CARTESIAN_POINT('',(164.993330754898,90.0686751557036,130.));
#3575=CARTESIAN_POINT('',(134.993330754898,90.0686751557036,130.));
#3576=CARTESIAN_POINT('Origin',(164.993330754898,60.0686751557036,130.));
#3577=CARTESIAN_POINT('',(164.993330754898,60.0686751557036,10.));
#3578=CARTESIAN_POINT('',(134.993330754898,60.0686751557036,10.));
#3579=CARTESIAN_POINT('',(164.993330754898,60.0686751557036,130.));
#3580=CARTESIAN_POINT('Origin',(149.836483181946,73.5002944237638,9.14552333455028));
#3581=CARTESIAN_POINT('',(140.335283181946,73.5002944237638,12.));
#3582=CARTESIAN_POINT('Origin',(149.836483181946,73.5002944237638,12.));
#3583=CARTESIAN_POINT('',(143.663842146648,73.5002944237638,10.));
#3584=CARTESIAN_POINT('',(145.085930129103,73.5002944237638,9.14552333455028));
#3585=CARTESIAN_POINT('Origin',(149.836483181946,73.5002944237638,10.));
#3586=CARTESIAN_POINT('Origin',(149.836483181946,73.5002944237638,71.));
#3587=CARTESIAN_POINT('',(140.335283181946,73.5002944237638,71.));
#3588=CARTESIAN_POINT('Origin',(134.993330754898,90.0686751557036,130.));
#3589=CARTESIAN_POINT('',(164.993330754898,90.0686751557036,10.));
#3590=CARTESIAN_POINT('',(164.993330754898,90.0686751557036,130.));
#3591=CARTESIAN_POINT('',(134.993330754898,90.0686751557036,10.));
#3592=CARTESIAN_POINT('',(164.993330754898,90.0686751557036,10.));
#3593=CARTESIAN_POINT('',(134.993330754898,90.0686751557036,130.));
#3594=CARTESIAN_POINT('Origin',(134.993330754898,60.0686751557036,130.));
#3595=CARTESIAN_POINT('',(134.993330754898,90.0686751557036,10.));
#3596=CARTESIAN_POINT('Origin',(164.993330754898,90.0686751557036,130.));
#3597=CARTESIAN_POINT('',(164.993330754898,60.0686751557036,10.));
#3598=CARTESIAN_POINT('Origin',(149.993330754898,75.0686751557036,10.));
#3599=CARTESIAN_POINT('Origin',(150.953647249605,-75.4897813943242,93.5416584124276));
#3600=CARTESIAN_POINT('',(139.442447249605,-75.4897813943242,97.));
#3601=CARTESIAN_POINT('Origin',(150.953647249605,-75.4897813943242,97.));
#3602=CARTESIAN_POINT('',(141.397947325646,-75.4897813943242,95.8250170138016));
#3603=CARTESIAN_POINT('',(145.198094196761,-75.4897813943242,93.5416584124276));
#3604=CARTESIAN_POINT('',(160.400127195071,-75.4897813943242,95.759391029914));
#3605=CARTESIAN_POINT('Ctrl Pts',(141.397947325646,-75.4897813943242,95.8250170138016));
#3606=CARTESIAN_POINT('Ctrl Pts',(141.403709977585,-74.2925787654521,95.8215544631903));
#3607=CARTESIAN_POINT('Ctrl Pts',(141.649949863579,-73.0170256251754,95.817037533578));
#3608=CARTESIAN_POINT('Ctrl Pts',(142.637183800306,-70.6744258829449,95.8068878790142));
#3609=CARTESIAN_POINT('Ctrl Pts',(143.378177767249,-69.6073792478699,95.8012546487673));
#3610=CARTESIAN_POINT('Ctrl Pts',(145.078930347753,-67.9318396759649,95.7905418305575));
#3611=CARTESIAN_POINT('Ctrl Pts',(146.150043655748,-67.2097706310886,95.7847497246221));
#3612=CARTESIAN_POINT('Ctrl Pts',(148.492281387581,-66.2576657242745,95.7738823531538));
#3613=CARTESIAN_POINT('Ctrl Pts',(149.763405835836,-66.0276299184379,95.7688074353835));
#3614=CARTESIAN_POINT('Ctrl Pts',(152.138532142083,-66.041281642912,95.7606046517652));
#3615=CARTESIAN_POINT('Ctrl Pts',(153.401592771575,-66.2837691549695,95.7569214257625));
#3616=CARTESIAN_POINT('Ctrl Pts',(155.724594108405,-67.2547188496272,95.7516720265995));
#3617=CARTESIAN_POINT('Ctrl Pts',(156.784534781322,-67.9831811173013,95.75010635693));
#3618=CARTESIAN_POINT('Ctrl Pts',(158.458708543323,-69.659569648617,95.749165865284));
#3619=CARTESIAN_POINT('Ctrl Pts',(159.185505482533,-70.7198648791038,95.7497268193401));
#3620=CARTESIAN_POINT('Ctrl Pts',(160.153364563866,-73.0428328544489,95.7531269954596));
#3621=CARTESIAN_POINT('Ctrl Pts',(160.394426765435,-74.3055055750531,95.755965866234));
#3622=CARTESIAN_POINT('Ctrl Pts',(160.400127195071,-75.4897813943242,95.759391029914));
#3623=CARTESIAN_POINT('',(141.397837260358,-75.5355142326722,95.8251489028926));
#3624=CARTESIAN_POINT('Ctrl Pts',(160.400127195071,-75.4897813943242,95.759391029914));
#3625=CARTESIAN_POINT('Ctrl Pts',(160.405849219544,-76.6785435848457,95.7628291690812));
#3626=CARTESIAN_POINT('Ctrl Pts',(160.175205844277,-77.9479659411458,95.7673196772553));
#3627=CARTESIAN_POINT('Ctrl Pts',(159.223117265901,-80.2870317696723,95.7774079218681));
#3628=CARTESIAN_POINT('Ctrl Pts',(158.501672144806,-81.3566752774411,95.7830051574116));
#3629=CARTESIAN_POINT('Ctrl Pts',(156.828218762193,-83.0553126529056,95.7937046448476));
#3630=CARTESIAN_POINT('Ctrl Pts',(155.762632337841,-83.7956662847231,95.7995216011719));
#3631=CARTESIAN_POINT('Ctrl Pts',(153.423202057043,-84.7828522863988,95.8104317947718));
#3632=CARTESIAN_POINT('Ctrl Pts',(152.14935817713,-85.0296845967335,95.8155253859127));
#3633=CARTESIAN_POINT('Ctrl Pts',(149.752587200607,-85.0434607302019,95.8238029219962));
#3634=CARTESIAN_POINT('Ctrl Pts',(148.470638131895,-84.8091882597893,95.827529966441));
#3635=CARTESIAN_POINT('Ctrl Pts',(146.111829193589,-83.840981782048,95.8328407748875));
#3636=CARTESIAN_POINT('Ctrl Pts',(145.034969358229,-83.1070476940718,95.8344250416211));
#3637=CARTESIAN_POINT('Ctrl Pts',(143.334820565647,-81.4091426864132,95.8353788640537));
#3638=CARTESIAN_POINT('Ctrl Pts',(142.599204738023,-80.3326469981715,95.8348104572325));
#3639=CARTESIAN_POINT('Ctrl Pts',(141.634031888684,-77.9887564156439,95.831389279822));
#3640=CARTESIAN_POINT('Ctrl Pts',(141.39783726035,-76.7239542061545,95.828566388303));
#3641=CARTESIAN_POINT('Ctrl Pts',(141.397837260358,-75.5355142326399,95.8251489028926));
#3642=CARTESIAN_POINT('Ctrl Pts',(141.397837260358,-75.5355142326399,95.8251489028926));
#3643=CARTESIAN_POINT('Ctrl Pts',(141.397837260359,-75.5202572433498,95.8251050297989));
#3644=CARTESIAN_POINT('Ctrl Pts',(141.397874010143,-75.5050128386742,95.8250610661998));
#3645=CARTESIAN_POINT('Ctrl Pts',(141.397947325646,-75.4897813943242,95.8250170138016));
#3646=CARTESIAN_POINT('Origin',(150.953647249605,-75.4897813943242,119.5));
#3647=CARTESIAN_POINT('',(139.442447249605,-75.4897813943242,130.));
#3648=CARTESIAN_POINT('Origin',(150.953647249605,-75.4897813943242,130.));
#3649=CARTESIAN_POINT('',(139.442447249605,-75.4897813943242,119.5));
#3650=CARTESIAN_POINT('Ctrl Pts',(135.046732203691,-67.7288659426985,130.));
#3651=CARTESIAN_POINT('Ctrl Pts',(135.046732203691,-67.7288659426985,90.));
#3652=CARTESIAN_POINT('Ctrl Pts',(135.046732203691,-67.7288659426985,50.));
#3653=CARTESIAN_POINT('Ctrl Pts',(135.046732203691,-67.7288659426985,9.99999999999998));
#3654=CARTESIAN_POINT('Ctrl Pts',(135.046732203691,-66.7664971153658,130.));
#3655=CARTESIAN_POINT('Ctrl Pts',(135.046732203691,-66.7664971153658,90.));
#3656=CARTESIAN_POINT('Ctrl Pts',(135.046732203691,-66.7664971153658,50.));
#3657=CARTESIAN_POINT('Ctrl Pts',(135.046732203691,-66.7664971153658,9.99999999999998));
#3658=CARTESIAN_POINT('Ctrl Pts',(135.495060159201,-64.5098961504127,130.));
#3659=CARTESIAN_POINT('Ctrl Pts',(135.495060159201,-64.5098961504127,90.));
#3660=CARTESIAN_POINT('Ctrl Pts',(135.495060159201,-64.5098961504127,50.));
#3661=CARTESIAN_POINT('Ctrl Pts',(135.495060159201,-64.5098961504127,9.99999999999998));
#3662=CARTESIAN_POINT('Ctrl Pts',(138.073086707879,-61.2473991993822,130.));
#3663=CARTESIAN_POINT('Ctrl Pts',(138.073086707879,-61.2473991993822,90.));
#3664=CARTESIAN_POINT('Ctrl Pts',(138.073086707879,-61.2473991993822,50.));
#3665=CARTESIAN_POINT('Ctrl Pts',(138.073086707879,-61.2473991993822,9.99999999999999));
#3666=CARTESIAN_POINT('Ctrl Pts',(141.019952701212,-59.880863835743,130.));
#3667=CARTESIAN_POINT('Ctrl Pts',(141.019952701212,-59.880863835743,90.));
#3668=CARTESIAN_POINT('Ctrl Pts',(141.019952701212,-59.880863835743,50.));
#3669=CARTESIAN_POINT('Ctrl Pts',(141.019952701212,-59.880863835743,9.99999999999998));
#3670=CARTESIAN_POINT('Ctrl Pts',(142.565547790025,-59.7288659426985,130.));
#3671=CARTESIAN_POINT('Ctrl Pts',(142.565547790025,-59.7288659426985,90.));
#3672=CARTESIAN_POINT('Ctrl Pts',(142.565547790025,-59.7288659426985,50.));
#3673=CARTESIAN_POINT('Ctrl Pts',(142.565547790025,-59.7288659426985,9.99999999999998));
#3674=CARTESIAN_POINT('Ctrl Pts',(143.046732203691,-59.7288659426985,130.));
#3675=CARTESIAN_POINT('Ctrl Pts',(143.046732203691,-59.7288659426985,90.));
#3676=CARTESIAN_POINT('Ctrl Pts',(143.046732203691,-59.7288659426985,50.));
#3677=CARTESIAN_POINT('Ctrl Pts',(143.046732203691,-59.7288659426985,9.99999999999998));
#3678=CARTESIAN_POINT('',(143.046732203691,-59.7288659426985,10.));
#3679=CARTESIAN_POINT('',(135.046732203691,-67.7288659426985,10.));
#3680=CARTESIAN_POINT('Ctrl Pts',(143.046732203691,-59.7288659426985,10.));
#3681=CARTESIAN_POINT('Ctrl Pts',(142.565547790025,-59.7288659426985,10.));
#3682=CARTESIAN_POINT('Ctrl Pts',(142.050349427087,-59.7795319070467,10.));
#3683=CARTESIAN_POINT('Ctrl Pts',(141.510426118907,-59.9044115741881,10.));
#3684=CARTESIAN_POINT('Ctrl Pts',(140.430579502546,-60.1541709084709,10.));
#3685=CARTESIAN_POINT('Ctrl Pts',(139.251833105212,-60.7007850539266,10.));
#3686=CARTESIAN_POINT('Ctrl Pts',(138.232788815099,-61.5178416184928,10.));
#3687=CARTESIAN_POINT('Ctrl Pts',(137.213744524986,-62.3348981830591,10.));
#3688=CARTESIAN_POINT('Ctrl Pts',(136.354402342094,-63.4223971667359,10.));
#3689=CARTESIAN_POINT('Ctrl Pts',(135.81264926177,-64.5302968998126,10.));
#3690=CARTESIAN_POINT('Ctrl Pts',(135.270896181446,-65.6381966328892,10.));
#3691=CARTESIAN_POINT('Ctrl Pts',(135.046732203691,-66.7664971153658,10.));
#3692=CARTESIAN_POINT('Ctrl Pts',(135.046732203691,-67.7288659426985,10.));
#3693=CARTESIAN_POINT('',(135.046732203691,-67.7288659426985,130.));
#3694=CARTESIAN_POINT('Ctrl Pts',(135.046732203691,-67.7288659426985,9.99999999999998));
#3695=CARTESIAN_POINT('Ctrl Pts',(135.046732203691,-67.7288659426985,50.));
#3696=CARTESIAN_POINT('Ctrl Pts',(135.046732203691,-67.7288659426985,90.));
#3697=CARTESIAN_POINT('Ctrl Pts',(135.046732203691,-67.7288659426985,130.));
#3698=CARTESIAN_POINT('',(143.046732203691,-59.7288659426985,130.));
#3699=CARTESIAN_POINT('Ctrl Pts',(135.046732203691,-67.7288659426985,130.));
#3700=CARTESIAN_POINT('Ctrl Pts',(135.046732203691,-66.7664971153658,130.));
#3701=CARTESIAN_POINT('Ctrl Pts',(135.270896181446,-65.6381966328892,130.));
#3702=CARTESIAN_POINT('Ctrl Pts',(135.81264926177,-64.5302968998126,130.));
#3703=CARTESIAN_POINT('Ctrl Pts',(136.354402342094,-63.4223971667359,130.));
#3704=CARTESIAN_POINT('Ctrl Pts',(137.213744524986,-62.3348981830591,130.));
#3705=CARTESIAN_POINT('Ctrl Pts',(138.232788815099,-61.5178416184928,130.));
#3706=CARTESIAN_POINT('Ctrl Pts',(139.251833105212,-60.7007850539266,130.));
#3707=CARTESIAN_POINT('Ctrl Pts',(140.430579502546,-60.1541709084709,130.));
#3708=CARTESIAN_POINT('Ctrl Pts',(141.510426118907,-59.9044115741881,130.));
#3709=CARTESIAN_POINT('Ctrl Pts',(142.050349427087,-59.7795319070467,130.));
#3710=CARTESIAN_POINT('Ctrl Pts',(142.565547790025,-59.7288659426985,130.));
#3711=CARTESIAN_POINT('Ctrl Pts',(143.046732203691,-59.7288659426985,130.));
#3712=CARTESIAN_POINT('Ctrl Pts',(143.046732203691,-59.7288659426985,130.));
#3713=CARTESIAN_POINT('Ctrl Pts',(143.046732203691,-59.7288659426985,90.));
#3714=CARTESIAN_POINT('Ctrl Pts',(143.046732203691,-59.7288659426985,50.));
#3715=CARTESIAN_POINT('Ctrl Pts',(143.046732203691,-59.7288659426985,9.99999999999998));
#3716=CARTESIAN_POINT('Origin',(150.046732203691,-74.7288659426985,10.));
#3717=CARTESIAN_POINT('',(165.046732203691,-59.7288659426985,10.));
#3718=CARTESIAN_POINT('',(135.046732203691,-59.7288659426985,10.));
#3719=CARTESIAN_POINT('',(165.046732203691,-89.7288659426985,10.));
#3720=CARTESIAN_POINT('',(165.046732203691,-59.7288659426985,10.));
#3721=CARTESIAN_POINT('',(135.046732203691,-89.7288659426985,10.));
#3722=CARTESIAN_POINT('',(165.046732203691,-89.7288659426985,10.));
#3723=CARTESIAN_POINT('',(135.046732203691,-89.7288659426985,10.));
#3724=CARTESIAN_POINT('',(144.726396225059,-75.5355142327045,10.));
#3725=CARTESIAN_POINT('Origin',(150.899037260358,-75.5355142327045,10.));
#3726=CARTESIAN_POINT('Origin',(135.046732203691,-59.7288659426985,130.));
#3727=CARTESIAN_POINT('',(165.046732203691,-59.7288659426985,130.));
#3728=CARTESIAN_POINT('',(135.046732203691,-59.7288659426985,130.));
#3729=CARTESIAN_POINT('',(165.046732203691,-59.7288659426985,130.));
#3730=CARTESIAN_POINT('Origin',(150.899037260358,-75.5355142327045,9.14552333455028));
#3731=CARTESIAN_POINT('',(141.397837260358,-75.5355142327045,12.));
#3732=CARTESIAN_POINT('Origin',(150.899037260358,-75.5355142327045,12.));
#3733=CARTESIAN_POINT('',(146.148484207515,-75.5355142327045,9.14552333455028));
#3734=CARTESIAN_POINT('Origin',(150.899037260358,-75.5355142327045,71.));
#3735=CARTESIAN_POINT('',(141.397837260358,-75.5355142327045,71.));
#3736=CARTESIAN_POINT('Origin',(135.046732203691,-89.7288659426985,130.));
#3737=CARTESIAN_POINT('',(135.046732203691,-89.7288659426985,130.));
#3738=CARTESIAN_POINT('',(135.046732203691,-89.7288659426985,130.));
#3739=CARTESIAN_POINT('',(135.046732203691,-89.7288659426985,130.));
#3740=CARTESIAN_POINT('Origin',(165.046732203691,-89.7288659426985,130.));
#3741=CARTESIAN_POINT('',(165.046732203691,-89.7288659426985,130.));
#3742=CARTESIAN_POINT('',(165.046732203691,-89.7288659426985,130.));
#3743=CARTESIAN_POINT('',(165.046732203691,-89.7288659426985,130.));
#3744=CARTESIAN_POINT('Origin',(165.046732203691,-59.7288659426985,130.));
#3745=CARTESIAN_POINT('',(165.046732203691,-59.7288659426985,130.));
#3746=CARTESIAN_POINT('Origin',(150.046732203691,-74.7288659426985,130.));
#3747=CARTESIAN_POINT('Origin',(-149.156887600324,-74.9370945210798,93.5416584124276));
#3748=CARTESIAN_POINT('',(-160.668087600324,-74.9370945210798,97.));
#3749=CARTESIAN_POINT('Origin',(-149.156887600324,-74.9370945210798,97.));
#3750=CARTESIAN_POINT('',(-159.00453768618,-74.9370945210798,96.0004383688045));
#3751=CARTESIAN_POINT('',(-154.912440653168,-74.9370945210798,93.5416584124276));
#3752=CARTESIAN_POINT('',(-140.019871853421,-74.9370945210798,95.5734461799986));
#3753=CARTESIAN_POINT('Ctrl Pts',(-159.00453768618,-74.9370945210798,96.0004383688045));
#3754=CARTESIAN_POINT('Ctrl Pts',(-158.952050069239,-73.7230446203323,95.9689006267976));
#3755=CARTESIAN_POINT('Ctrl Pts',(-158.649080001609,-72.4404442291742,95.9299445358826));
#3756=CARTESIAN_POINT('Ctrl Pts',(-157.544704219244,-70.1118049813889,95.8460996993856));
#3757=CARTESIAN_POINT('Ctrl Pts',(-156.743302756258,-69.0657649217644,95.8011883638814));
#3758=CARTESIAN_POINT('Ctrl Pts',(-154.969766160412,-67.4838109932762,95.7198138616115));
#3759=CARTESIAN_POINT('Ctrl Pts',(-153.89294363691,-66.8263606432944,95.6778555907058));
#3760=CARTESIAN_POINT('Ctrl Pts',(-151.567129398879,-65.9891879094251,95.601836682176));
#3761=CARTESIAN_POINT('Ctrl Pts',(-150.318135254108,-65.8094697851293,95.5678034913444));
#3762=CARTESIAN_POINT('Ctrl Pts',(-148.0306296814,-65.8950757046478,95.5163662655501));
#3763=CARTESIAN_POINT('Ctrl Pts',(-146.833013052637,-66.1530192141227,95.4950378891405));
#3764=CARTESIAN_POINT('Ctrl Pts',(-144.628678508359,-67.1093157024892,95.4689038745882));
#3765=CARTESIAN_POINT('Ctrl Pts',(-143.621962145767,-67.8076728489546,95.4641197558697));
#3766=CARTESIAN_POINT('Ctrl Pts',(-142.018368702819,-69.3981214039456,95.4696802358313));
#3767=CARTESIAN_POINT('Ctrl Pts',(-141.310017171594,-70.4028327548777,95.4804676265128));
#3768=CARTESIAN_POINT('Ctrl Pts',(-140.335193847053,-72.6074264081135,95.5176905240674));
#3769=CARTESIAN_POINT('Ctrl Pts',(-140.068716524248,-73.8073067497109,95.5440973408495));
#3770=CARTESIAN_POINT('Ctrl Pts',(-140.019871853421,-74.9370945210798,95.5734461799986));
#3771=CARTESIAN_POINT('',(-159.013404769801,-75.3474812223933,96.0108974475668));
#3772=CARTESIAN_POINT('Ctrl Pts',(-140.019871853421,-74.9370945210798,95.5734461799986));
#3773=CARTESIAN_POINT('Ctrl Pts',(-139.969281091232,-76.1072697622832,95.6038441766848));
#3774=CARTESIAN_POINT('Ctrl Pts',(-140.144920188392,-77.366679010852,95.6416629288982));
#3775=CARTESIAN_POINT('Ctrl Pts',(-140.981542091555,-79.7122234125548,95.7229013854628));
#3776=CARTESIAN_POINT('Ctrl Pts',(-141.642522107301,-80.7983602516549,95.7663011457821));
#3777=CARTESIAN_POINT('Ctrl Pts',(-143.236809309282,-82.5856046739601,95.848307020888));
#3778=CARTESIAN_POINT('Ctrl Pts',(-144.2917096357,-83.391313694661,95.8923048559654));
#3779=CARTESIAN_POINT('Ctrl Pts',(-146.63996366058,-84.4966364444165,95.9718108721043));
#3780=CARTESIAN_POINT('Ctrl Pts',(-147.933318773185,-84.7962450485616,96.0073485312786));
#3781=CARTESIAN_POINT('Ctrl Pts',(-150.415014693548,-84.8891182042657,96.0631523531059));
#3782=CARTESIAN_POINT('Ctrl Pts',(-151.762165207044,-84.6740528091973,96.0866276443042));
#3783=CARTESIAN_POINT('Ctrl Pts',(-154.240211179749,-83.6957274405766,96.1153657735237));
#3784=CARTESIAN_POINT('Ctrl Pts',(-155.371105361289,-82.9324648510976,96.1206497257622));
#3785=CARTESIAN_POINT('Ctrl Pts',(-157.14214687415,-81.1469042807161,96.1144578377321));
#3786=CARTESIAN_POINT('Ctrl Pts',(-157.894637632159,-80.013550913968,96.1026426670673));
#3787=CARTESIAN_POINT('Ctrl Pts',(-158.801043908985,-77.6698341371814,96.0641394006361));
#3788=CARTESIAN_POINT('Ctrl Pts',(-159.013404769801,-76.4811084641145,96.0392333923955));
#3789=CARTESIAN_POINT('Ctrl Pts',(-159.013404769801,-75.3474812223933,96.0108974475668));
#3790=CARTESIAN_POINT('Ctrl Pts',(-159.013404769801,-75.3474812223933,96.0108974475668));
#3791=CARTESIAN_POINT('Ctrl Pts',(-159.013404769801,-75.2097898035644,96.0074557373611));
#3792=CARTESIAN_POINT('Ctrl Pts',(-159.010409503229,-75.0729109158808,96.0039665124309));
#3793=CARTESIAN_POINT('Ctrl Pts',(-159.00453768618,-74.9370945210798,96.0004383688045));
#3794=CARTESIAN_POINT('Origin',(-149.156887600324,-74.9370945210798,119.5));
#3795=CARTESIAN_POINT('',(-160.668087600324,-74.9370945210798,130.));
#3796=CARTESIAN_POINT('Origin',(-149.156887600324,-74.9370945210798,130.));
#3797=CARTESIAN_POINT('',(-160.668087600324,-74.9370945210798,119.5));
#3798=CARTESIAN_POINT('Origin',(-142.904379075371,-67.8996896966827,130.));
#3799=CARTESIAN_POINT('',(-134.904379075371,-67.8996896966827,10.));
#3800=CARTESIAN_POINT('',(-142.904379075371,-59.8996896966826,10.));
#3801=CARTESIAN_POINT('Origin',(-142.904379075371,-67.8996896966827,10.));
#3802=CARTESIAN_POINT('',(-142.904379075371,-59.8996896966826,130.));
#3803=CARTESIAN_POINT('',(-142.904379075371,-59.8996896966826,130.));
#3804=CARTESIAN_POINT('',(-134.904379075371,-67.8996896966827,130.));
#3805=CARTESIAN_POINT('Origin',(-142.904379075371,-67.8996896966827,130.));
#3806=CARTESIAN_POINT('',(-134.904379075371,-67.8996896966827,130.));
#3807=CARTESIAN_POINT('Origin',(-149.904379075371,-74.8996896966827,130.));
#3808=CARTESIAN_POINT('',(-164.904379075371,-59.8996896966826,130.));
#3809=CARTESIAN_POINT('',(-134.904379075371,-59.8996896966826,130.));
#3810=CARTESIAN_POINT('',(-164.904379075371,-89.8996896966827,130.));
#3811=CARTESIAN_POINT('',(-164.904379075371,-59.8996896966826,130.));
#3812=CARTESIAN_POINT('',(-134.904379075371,-89.8996896966827,130.));
#3813=CARTESIAN_POINT('',(-164.904379075371,-89.8996896966827,130.));
#3814=CARTESIAN_POINT('',(-134.904379075371,-89.8996896966827,130.));
#3815=CARTESIAN_POINT('Origin',(-164.904379075371,-59.8996896966826,130.));
#3816=CARTESIAN_POINT('',(-164.904379075371,-59.8996896966826,10.));
#3817=CARTESIAN_POINT('',(-134.904379075371,-59.8996896966826,10.));
#3818=CARTESIAN_POINT('',(-164.904379075371,-59.8996896966826,130.));
#3819=CARTESIAN_POINT('Origin',(-149.512204769801,-75.3474812223933,9.14552333455028));
#3820=CARTESIAN_POINT('',(-159.013404769801,-75.3474812223933,12.));
#3821=CARTESIAN_POINT('Origin',(-149.512204769801,-75.3474812223933,12.));
#3822=CARTESIAN_POINT('',(-155.6848458051,-75.3474812223933,10.));
#3823=CARTESIAN_POINT('',(-154.262757822644,-75.3474812223933,9.14552333455028));
#3824=CARTESIAN_POINT('Origin',(-149.512204769801,-75.3474812223933,10.));
#3825=CARTESIAN_POINT('Origin',(-149.512204769801,-75.3474812223933,71.));
#3826=CARTESIAN_POINT('',(-159.013404769801,-75.3474812223933,71.));
#3827=CARTESIAN_POINT('Origin',(-134.904379075371,-89.8996896966827,130.));
#3828=CARTESIAN_POINT('',(-164.904379075371,-89.8996896966827,10.));
#3829=CARTESIAN_POINT('',(-164.904379075371,-89.8996896966827,130.));
#3830=CARTESIAN_POINT('',(-134.904379075371,-89.8996896966827,10.));
#3831=CARTESIAN_POINT('',(-164.904379075371,-89.8996896966827,10.));
#3832=CARTESIAN_POINT('',(-134.904379075371,-89.8996896966827,130.));
#3833=CARTESIAN_POINT('Origin',(-134.904379075371,-59.8996896966826,130.));
#3834=CARTESIAN_POINT('',(-134.904379075371,-89.8996896966827,10.));
#3835=CARTESIAN_POINT('Origin',(-164.904379075371,-89.8996896966827,130.));
#3836=CARTESIAN_POINT('',(-164.904379075371,-59.8996896966826,10.));
#3837=CARTESIAN_POINT('Origin',(-149.904379075371,-74.8996896966827,10.));
#3838=CARTESIAN_POINT('Origin',(-191.722270285724,-1.27503825302098,55.6625673102286));
#3839=CARTESIAN_POINT('',(-188.722270285724,-1.27503825302099,93.8789408427164));
#3840=CARTESIAN_POINT('Origin',(-188.722270285724,-1.27503825302098,55.6625673102286));
#3841=CARTESIAN_POINT('',(-191.722270285724,-1.27503825302099,96.8789408427164));
#3842=CARTESIAN_POINT('Origin',(-191.722270285724,-1.27503825302099,93.8789408427164));
#3843=CARTESIAN_POINT('',(-191.722270285724,-42.4914117855088,55.6625673102286));
#3844=CARTESIAN_POINT('Origin',(-191.722270285724,-1.27503825302098,55.6625673102286));
#3845=CARTESIAN_POINT('Origin',(-191.722270285724,-1.27503825302098,55.6625673102286));
#3846=CARTESIAN_POINT('Origin',(-195.222270285724,-1.27503825302098,55.6625673102286));
#3847=CARTESIAN_POINT('',(-200.300859661286,-42.4914117855088,55.6625673102286));
#3848=CARTESIAN_POINT('',(-195.222270285724,-42.4914117855088,55.6625673102286));
#3849=CARTESIAN_POINT('',(-200.300859661286,-1.27503825302099,96.8789408427164));
#3850=CARTESIAN_POINT('Origin',(-200.300859661286,-1.27503825302098,55.6625673102286));
#3851=CARTESIAN_POINT('Origin',(-200.300859661286,-1.27503825302098,55.6625673102286));
#3852=CARTESIAN_POINT('Origin',(-188.722270285724,16.9413352794668,55.6625673102286));
#3853=CARTESIAN_POINT('',(-188.722270285724,-19.4914117855088,55.6625673102286));
#3854=CARTESIAN_POINT('Origin',(-188.722270285724,-1.27503825302098,55.6625673102286));
#3855=CARTESIAN_POINT('Origin',(-200.300859661286,-1.27503825302098,55.6625673102286));
#3856=CARTESIAN_POINT('',(-202.622497014535,-1.27503825302099,95.7789408427164));
#3857=CARTESIAN_POINT('Origin',(-200.300859661286,-1.27503825302099,93.8789408427164));
#3858=CARTESIAN_POINT('',(-202.622497014535,-41.3914117855088,55.6625673102286));
#3859=CARTESIAN_POINT('Origin',(-202.622497014535,-1.27503825302098,55.6625673102286));
#3860=CARTESIAN_POINT('Origin',(-202.622497014535,-1.27503825302098,55.6625673102286));
#3861=CARTESIAN_POINT('Origin',(-211.222270285724,-1.27503825302098,55.6625673102286));
#3862=CARTESIAN_POINT('',(-220.043907638973,-20.103939337098,55.6625673102286));
#3863=CARTESIAN_POINT('',(-211.222270285724,-30.8832250192649,55.6625673102286));
#3864=CARTESIAN_POINT('',(-220.043907638973,-1.27503825302099,74.4914683943056));
#3865=CARTESIAN_POINT('Origin',(-220.043907638973,-1.27503825302098,55.6625673102286));
#3866=CARTESIAN_POINT('Origin',(-220.043907638973,-1.27503825302098,55.6625673102286));
#3867=CARTESIAN_POINT('Origin',(-217.722270285724,-1.27503825302098,55.6625673102286));
#3868=CARTESIAN_POINT('',(-220.722270285724,-1.27503825302099,72.5914683943056));
#3869=CARTESIAN_POINT('Origin',(-217.722270285724,-1.27503825302099,72.5914683943056));
#3870=CARTESIAN_POINT('Origin',(-220.722270285724,-1.27503825302098,55.6625673102286));
#3871=CARTESIAN_POINT('Origin',(-220.722270285724,16.724961746979,55.6625673102286));
#3872=CARTESIAN_POINT('',(-220.722270285724,-1.27503825302098,43.1615673102286));
#3873=CARTESIAN_POINT('Origin',(-220.722270285724,-1.27503825302098,55.6625673102286));
#3874=CARTESIAN_POINT('Origin',(-198.222270285724,-1.27503825302098,55.6625673102286));
#3875=CARTESIAN_POINT('',(-175.722270285724,-1.27503825302098,43.1615673102286));
#3876=CARTESIAN_POINT('',(-198.222270285724,-1.27503825302098,43.1615673102286));
#3877=CARTESIAN_POINT('Origin',(-175.722270285724,-1.27503825302099,55.6625673102286));
#3878=CARTESIAN_POINT('Origin',(-184.722270285724,-1.27503825302099,55.6625673102286));
#3879=CARTESIAN_POINT('',(-180.722270285724,-19.4914117855088,55.6625673102286));
#3880=CARTESIAN_POINT('Origin',(-180.722270285724,-1.27503825302099,55.6625673102286));
#3881=CARTESIAN_POINT('',(-184.722270285724,-19.4914117855088,55.6625673102286));
#3882=CARTESIAN_POINT('Origin',(-180.722270285724,23.724961746979,55.6625673102286));
#3883=CARTESIAN_POINT('',(-180.722270285724,-26.275038253021,55.6625673102286));
#3884=CARTESIAN_POINT('Origin',(-180.722270285724,-1.27503825302099,55.6625673102286));
#3885=CARTESIAN_POINT('Origin',(-178.222270285724,-1.27503825302099,55.6625673102286));
#3886=CARTESIAN_POINT('',(-175.722270285724,-26.275038253021,55.6625673102286));
#3887=CARTESIAN_POINT('Origin',(-175.722270285724,-1.27503825302099,55.6625673102286));
#3888=CARTESIAN_POINT('',(-178.222270285724,-26.275038253021,55.6625673102286));
#3889=CARTESIAN_POINT('Origin',(-175.722270285724,-1.27503825302099,55.6625673102286));
#3890=CARTESIAN_POINT('Origin',(-150.814947310256,75.9471973243696,140.88));
#3891=CARTESIAN_POINT('',(-164.565947310256,75.9471973243696,142.));
#3892=CARTESIAN_POINT('Origin',(-150.814947310256,75.9471973243696,142.));
#3893=CARTESIAN_POINT('',(-162.326147310256,75.9471973243696,139.7602));
#3894=CARTESIAN_POINT('',(-163.445947310256,75.9471973243696,140.88));
#3895=CARTESIAN_POINT('Origin',(-150.814947310256,75.9471973243696,139.7602));
#3896=CARTESIAN_POINT('Origin',(-150.814947310256,75.9471973243696,119.5));
#3897=CARTESIAN_POINT('',(-162.326147310256,75.9471973243696,130.));
#3898=CARTESIAN_POINT('',(-162.326147310256,75.9471973243696,119.5));
#3899=CARTESIAN_POINT('Origin',(-150.814947310256,75.9471973243696,130.));
#3900=CARTESIAN_POINT('Origin',(-149.156887600324,-74.9370945210798,140.88));
#3901=CARTESIAN_POINT('',(-162.907887600324,-74.9370945210798,142.));
#3902=CARTESIAN_POINT('Origin',(-149.156887600324,-74.9370945210798,142.));
#3903=CARTESIAN_POINT('',(-160.668087600324,-74.9370945210798,139.7602));
#3904=CARTESIAN_POINT('',(-161.787887600324,-74.9370945210798,140.88));
#3905=CARTESIAN_POINT('Origin',(-149.156887600324,-74.9370945210798,139.7602));
#3906=CARTESIAN_POINT('Origin',(-149.156887600324,-74.9370945210798,119.5));
#3907=CARTESIAN_POINT('',(-160.668087600324,-74.9370945210798,130.));
#3908=CARTESIAN_POINT('',(-160.668087600324,-74.9370945210798,119.5));
#3909=CARTESIAN_POINT('Origin',(-149.156887600324,-74.9370945210798,130.));
#3910=CARTESIAN_POINT('Origin',(150.953647249605,-75.4897813943242,140.88));
#3911=CARTESIAN_POINT('',(137.202647249605,-75.4897813943242,142.));
#3912=CARTESIAN_POINT('Origin',(150.953647249605,-75.4897813943242,142.));
#3913=CARTESIAN_POINT('',(139.442447249605,-75.4897813943242,139.7602));
#3914=CARTESIAN_POINT('',(138.322647249605,-75.4897813943242,140.88));
#3915=CARTESIAN_POINT('Origin',(150.953647249605,-75.4897813943242,139.7602));
#3916=CARTESIAN_POINT('Origin',(150.953647249605,-75.4897813943242,119.5));
#3917=CARTESIAN_POINT('',(139.442447249605,-75.4897813943242,130.));
#3918=CARTESIAN_POINT('',(139.442447249605,-75.4897813943242,119.5));
#3919=CARTESIAN_POINT('Origin',(150.953647249605,-75.4897813943242,130.));
#3920=CARTESIAN_POINT('Origin',(149.57192862867,73.4600953470808,141.42425));
#3921=CARTESIAN_POINT('',(136.90942862867,73.4600953470808,142.));
#3922=CARTESIAN_POINT('Origin',(149.57192862867,73.4600953470808,142.));
#3923=CARTESIAN_POINT('',(138.06072862867,73.4600953470808,140.8487));
#3924=CARTESIAN_POINT('',(137.48517862867,73.4600953470808,141.42425));
#3925=CARTESIAN_POINT('Origin',(149.57192862867,73.4600953470808,140.8487));
#3926=CARTESIAN_POINT('Origin',(149.57192862867,73.4600953470808,119.5));
#3927=CARTESIAN_POINT('',(138.06072862867,73.4600953470808,130.));
#3928=CARTESIAN_POINT('',(138.06072862867,73.4600953470808,119.5));
#3929=CARTESIAN_POINT('Origin',(149.57192862867,73.4600953470808,130.));
#3930=CARTESIAN_POINT('Origin',(86.1011749013084,39.0530757791356,142.));
#3931=CARTESIAN_POINT('',(1.1011749013084,39.0530757791356,142.));
#3932=CARTESIAN_POINT('',(86.1011749013084,39.0530757791356,142.));
#3933=CARTESIAN_POINT('',(43.0505874506542,39.0530757791356,142.));
#3934=CARTESIAN_POINT('',(1.1011749013084,39.0530757791356,130.));
#3935=CARTESIAN_POINT('',(1.1011749013084,39.0530757791356,142.));
#3936=CARTESIAN_POINT('',(86.1011749013084,39.0530757791356,130.));
#3937=CARTESIAN_POINT('',(43.0505874506542,39.0530757791356,130.));
#3938=CARTESIAN_POINT('',(86.1011749013084,39.0530757791356,142.));
#3939=CARTESIAN_POINT('Origin',(86.1011749013084,1.05307577913559,142.));
#3940=CARTESIAN_POINT('',(86.1011749013084,1.05307577913559,142.));
#3941=CARTESIAN_POINT('',(86.1011749013084,0.526537889567777,142.));
#3942=CARTESIAN_POINT('',(86.1011749013084,1.05307577913559,130.));
#3943=CARTESIAN_POINT('',(86.1011749013084,0.526537889567777,130.));
#3944=CARTESIAN_POINT('',(86.1011749013084,1.05307577913559,142.));
#3945=CARTESIAN_POINT('Origin',(1.1011749013084,1.05307577913559,142.));
#3946=CARTESIAN_POINT('',(1.1011749013084,1.05307577913559,142.));
#3947=CARTESIAN_POINT('',(0.550587450654181,1.05307577913559,142.));
#3948=CARTESIAN_POINT('',(1.1011749013084,1.05307577913559,130.));
#3949=CARTESIAN_POINT('',(0.550587450654181,1.05307577913559,130.));
#3950=CARTESIAN_POINT('',(1.1011749013084,1.05307577913559,142.));
#3951=CARTESIAN_POINT('Origin',(1.1011749013084,39.0530757791356,142.));
#3952=CARTESIAN_POINT('',(1.1011749013084,19.5265378895678,142.));
#3953=CARTESIAN_POINT('',(1.1011749013084,19.5265378895678,130.));
#3954=CARTESIAN_POINT('Origin',(165.,-90.,139.));
#3955=CARTESIAN_POINT('',(175.,-90.,139.));
#3956=CARTESIAN_POINT('',(172.,-90.,142.));
#3957=CARTESIAN_POINT('Origin',(172.,-90.,139.));
#3958=CARTESIAN_POINT('',(165.,-97.,142.));
#3959=CARTESIAN_POINT('Origin',(165.,-90.,142.));
#3960=CARTESIAN_POINT('',(165.,-100.,139.));
#3961=CARTESIAN_POINT('Origin',(165.,-97.,139.));
#3962=CARTESIAN_POINT('Origin',(165.,-90.,139.));
#3963=CARTESIAN_POINT('Origin',(-87.5,-97.,139.));
#3964=CARTESIAN_POINT('',(-165.,-97.,142.));
#3965=CARTESIAN_POINT('',(-165.,-100.,139.));
#3966=CARTESIAN_POINT('Origin',(-165.,-97.,139.));
#3967=CARTESIAN_POINT('',(-87.5,-100.,139.));
#3968=CARTESIAN_POINT('',(-87.5,-97.,142.));
#3969=CARTESIAN_POINT('Origin',(-165.,-90.,139.));
#3970=CARTESIAN_POINT('',(-172.,-90.,142.));
#3971=CARTESIAN_POINT('',(-175.,-90.,139.));
#3972=CARTESIAN_POINT('Origin',(-172.,-90.,139.));
#3973=CARTESIAN_POINT('Origin',(-165.,-90.,139.));
#3974=CARTESIAN_POINT('Origin',(-165.,-90.,142.));
#3975=CARTESIAN_POINT('Origin',(-172.,50.,139.));
#3976=CARTESIAN_POINT('',(-172.,90.,142.));
#3977=CARTESIAN_POINT('',(-175.,90.,139.));
#3978=CARTESIAN_POINT('Origin',(-172.,90.,139.));
#3979=CARTESIAN_POINT('',(-175.,50.,139.));
#3980=CARTESIAN_POINT('',(-172.,50.,142.));
#3981=CARTESIAN_POINT('Origin',(-165.,90.,139.));
#3982=CARTESIAN_POINT('',(-165.,97.,142.));
#3983=CARTESIAN_POINT('',(-165.,100.,139.));
#3984=CARTESIAN_POINT('Origin',(-165.,97.,139.));
#3985=CARTESIAN_POINT('Origin',(-165.,90.,139.));
#3986=CARTESIAN_POINT('Origin',(-165.,90.,142.));
#3987=CARTESIAN_POINT('Origin',(87.5,97.,139.));
#3988=CARTESIAN_POINT('',(165.,97.,142.));
#3989=CARTESIAN_POINT('',(165.,100.,139.));
#3990=CARTESIAN_POINT('Origin',(165.,97.,139.));
#3991=CARTESIAN_POINT('',(87.5,100.,139.));
#3992=CARTESIAN_POINT('',(87.5,97.,142.));
#3993=CARTESIAN_POINT('Origin',(165.,90.,139.));
#3994=CARTESIAN_POINT('',(172.,90.,142.));
#3995=CARTESIAN_POINT('',(175.,90.,139.));
#3996=CARTESIAN_POINT('Origin',(172.,90.,139.));
#3997=CARTESIAN_POINT('Origin',(165.,90.,139.));
#3998=CARTESIAN_POINT('Origin',(165.,90.,142.));
#3999=CARTESIAN_POINT('Origin',(172.,-50.,139.));
#4000=CARTESIAN_POINT('',(172.,-50.,142.));
#4001=CARTESIAN_POINT('',(175.,-50.,139.));
#4002=CARTESIAN_POINT('Origin',(175.,100.,130.));
#4003=CARTESIAN_POINT('',(165.,100.,130.));
#4004=CARTESIAN_POINT('',(165.,100.,130.));
#4005=CARTESIAN_POINT('',(-165.,100.,130.));
#4006=CARTESIAN_POINT('',(-175.,100.,130.));
#4007=CARTESIAN_POINT('',(-165.,100.,130.));
#4008=CARTESIAN_POINT('Origin',(165.,90.,130.));
#4009=CARTESIAN_POINT('',(175.,90.,130.));
#4010=CARTESIAN_POINT('',(175.,90.,130.));
#4011=CARTESIAN_POINT('Origin',(165.,90.,130.));
#4012=CARTESIAN_POINT('Origin',(175.,-100.,130.));
#4013=CARTESIAN_POINT('',(175.,-90.,130.));
#4014=CARTESIAN_POINT('',(175.,-90.,130.));
#4015=CARTESIAN_POINT('',(175.,100.,130.));
#4016=CARTESIAN_POINT('Origin',(165.,-90.,130.));
#4017=CARTESIAN_POINT('',(165.,-100.,130.));
#4018=CARTESIAN_POINT('',(165.,-100.,130.));
#4019=CARTESIAN_POINT('Origin',(165.,-90.,130.));
#4020=CARTESIAN_POINT('Origin',(-3.5527136788005E-14,-3.5527136788005E-14,
142.));
#4021=CARTESIAN_POINT('Origin',(-3.5527136788005E-14,-3.5527136788005E-14,
130.));
#4022=CARTESIAN_POINT('',(-165.,-100.,130.));
#4023=CARTESIAN_POINT('',(175.,-100.,130.));
#4024=CARTESIAN_POINT('',(-175.,-90.,130.));
#4025=CARTESIAN_POINT('Origin',(-165.,-90.,130.));
#4026=CARTESIAN_POINT('',(-175.,90.,130.));
#4027=CARTESIAN_POINT('',(-175.,-100.,130.));
#4028=CARTESIAN_POINT('Origin',(-165.,90.,130.));
#4029=CARTESIAN_POINT('Origin',(-165.,90.,130.));
#4030=CARTESIAN_POINT('',(-175.,90.,130.));
#4031=CARTESIAN_POINT('Origin',(-175.,100.,130.));
#4032=CARTESIAN_POINT('',(-175.,-90.,130.));
#4033=CARTESIAN_POINT('Origin',(-165.,-90.,130.));
#4034=CARTESIAN_POINT('',(-165.,-100.,130.));
#4035=CARTESIAN_POINT('Origin',(-175.,-100.,130.));
#4036=UNCERTAINTY_MEASURE_WITH_UNIT(LENGTH_MEASURE(0.01),#4040,
'DISTANCE_ACCURACY_VALUE',
'Maximum model space distance between geometric entities at asserted c
onnectivities');
#4037=UNCERTAINTY_MEASURE_WITH_UNIT(LENGTH_MEASURE(0.01),#4040,
'DISTANCE_ACCURACY_VALUE',
'Maximum model space distance between geometric entities at asserted c
onnectivities');
#4038=(
GEOMETRIC_REPRESENTATION_CONTEXT(3)
GLOBAL_UNCERTAINTY_ASSIGNED_CONTEXT((#4036))
GLOBAL_UNIT_ASSIGNED_CONTEXT((#4040,#4042,#4043))
REPRESENTATION_CONTEXT('','3D')
);
#4039=(
GEOMETRIC_REPRESENTATION_CONTEXT(3)
GLOBAL_UNCERTAINTY_ASSIGNED_CONTEXT((#4037))
GLOBAL_UNIT_ASSIGNED_CONTEXT((#4040,#4042,#4043))
REPRESENTATION_CONTEXT('','3D')
);
#4040=(
LENGTH_UNIT()
NAMED_UNIT(*)
SI_UNIT(.MILLI.,.METRE.)
);
#4041=(
LENGTH_UNIT()
NAMED_UNIT(*)
SI_UNIT($,.METRE.)
);
#4042=(
NAMED_UNIT(*)
PLANE_ANGLE_UNIT()
SI_UNIT($,.RADIAN.)
);
#4043=(
NAMED_UNIT(*)
SI_UNIT($,.STERADIAN.)
SOLID_ANGLE_UNIT()
);
#4044=SHAPE_DEFINITION_REPRESENTATION(#4045,#4046);
#4045=PRODUCT_DEFINITION_SHAPE('',$,#4048);
#4046=SHAPE_REPRESENTATION('',(#2312),#4038);
#4047=PRODUCT_DEFINITION_CONTEXT('part definition',#4052,'design');
#4048=PRODUCT_DEFINITION('2026-09-09-12-20-48-506','Control box v1',#4049,
#4047);
#4049=PRODUCT_DEFINITION_FORMATION('',$,#4054);
#4050=PRODUCT_RELATED_PRODUCT_CATEGORY('Control box v1',
'Control box v1',(#4054));
#4051=APPLICATION_PROTOCOL_DEFINITION('international standard',
'automotive_design',2009,#4052);
#4052=APPLICATION_CONTEXT(
'Core Data for Automotive Mechanical Design Process');
#4053=PRODUCT_CONTEXT('part definition',#4052,'mechanical');
#4054=PRODUCT('2026-09-09-12-20-48-506','Control box v1',$,(#4053));
#4055=PRESENTATION_STYLE_ASSIGNMENT((#4056));
#4056=SURFACE_STYLE_USAGE(.BOTH.,#4057);
#4057=SURFACE_SIDE_STYLE('',(#4058));
#4058=SURFACE_STYLE_FILL_AREA(#4059);
#4059=FILL_AREA_STYLE('Steel - Satin',(#4060));
#4060=FILL_AREA_STYLE_COLOUR('Steel - Satin',#4061);
#4061=COLOUR_RGB('Steel - Satin',0.627450980392157,0.627450980392157,0.627450980392157);
ENDSEC;
END-ISO-10303-21;
